{"UFC": [-0.01866650406814037, 0.24972508331285967], "SJTU": [0.5989069913262064, 0.24972508504282973], "JMGR": [0.008316773496251085, 0.2497250736767994], "CUUI": [-0.2321711118826583, 0.2497250709008354], "PKU": [0.2046295031700655, 0.24972508085876363], "NUCLEA": [-0.334757765544144, 0.24972509287938496], "NTHU": [-0.16802968419653766, 0.2497251024879131], "RAC": [0.16359283427690127, 0.2497250925659118], "IITB": [0.7850302770279622, 0.24972509843716156], "src": [-0.024214954029679294, 0.24972507016485995], "CAMB": [-0.5012949277785691, 0.24972510478483947], "POST": [-0.39094930433161335, 0.24972508753440817], "data_points": [77281.0, 1.0], "UMC": [-0.15046789136801555, 0.2497250726345298], "AMU": [0.011826721249893679, 0.249725049009514], "IPN": [0.04824906244545944, 0.2497250736757962]}