{"SJTU": [0.3224477833706777, 0.2498065631630068], "CAMB": [-0.8054902427012927, 0.24980656726820313], "AMU": [-0.07217862909212834, 0.24980655407764946], "UFC": [0.62334018562244, 0.24980656097209342], "data_points": [119393.0, 1.0], "RAC": [0.18073635684782635, 0.24980655962817372], "IITB": [0.5752305120396615, 0.24980657035684856], "UMC": [-0.13968228235219773, 0.24980655709993912], "SOURCE": [0.6519436198348458, 0.24980655539432334], "IPN": [0.22729580752228626, 0.24980656512043914], "NTHU": [-0.3211345284856266, 0.2498065721218131], "POST": [-0.34208252761717367, 0.24980656472264434], "NUCLEA": [-0.6165177649671107, 0.2498065641405189], "PKU": [0.14027717378898533, 0.2498065500332385], "CUUI": [-0.42418548746040274, 0.24980656796030287]}