{"IITB": [0.581152301451202, 0.2498059646626841], "POST": [-0.3418295085486278, 0.24980595275082101], "SOURCE": [0.6528773794546742, 0.24980595767634348], "UMC": [-0.16124373095224917, 0.2498059543752554], "CAMB": [-0.8211799999258796, 0.24980595972000053], "RAC": [0.186950097161686, 0.249805948175454], "UFC": [0.6080653382838429, 0.24980594448607096], "SJTU": [0.3308879624388273, 0.24980594704821946], "IPN": [0.2310474344307729, 0.24980596251952925], "NUCLEA": [-0.5946054453264344, 0.2498059606546576], "CUUI": [-0.4213621866718232, 0.24980595445523113], "NTHU": [-0.3129927328301003, 0.24980594344733517], "PKU": [0.13156340792946944, 0.24980595224675234], "AMU": [-0.0693303414093795, 0.2498059550663914], "data_points": [118938.0, 1.0]}