{"POST": [-0.4233054775525148, 0.24972524633536203], "UFC": [0.029761422794196163, 0.24972527735766392], "IITB": [0.8177506476505106, 0.2497252583378158], "CAMB": [-0.5728299289318761, 0.24972527363011957], "NTHU": [-0.15934685880933772, 0.24972529083529957], "src": [-0.00757522904780812, 0.24972527742078462], "RAC": [0.11257636005353652, 0.24972521060495653], "data_points": [77281.0, 1.0], "IPN": [0.07745590122122666, 0.2497252842583915], "JMGR": [-0.001849587888872718, 0.24972521729892927], "AMU": [0.01848612829964888, 0.24972525822714875], "PKU": [0.19575860480208787, 0.24972530038375151], "NUCLEA": [-0.36840118818176515, 0.249725276140041], "SJTU": [0.6517769545603411, 0.24972528577051287], "CUUI": [-0.25971491561108817, 0.24972521921081586], "UMC": [-0.11054282993122615, 0.24972529074726044]}