{"PKU": [0.09635412322528109, 0.2498065930175451], "RAC": [0.1430287343820198, 0.24980660152382442], "UMC": [-0.13441600790603564, 0.24980660963339596], "IPN": [0.25757558398882485, 0.24980659160985758], "SJTU": [0.354402136785945, 0.2498066014140396], "POST": [-0.3608736082940632, 0.24980659999422763], "IITB": [0.6002479609586386, 0.24980661073839708], "UFC": [0.6186786919000283, 0.24980660166791224], "NTHU": [-0.3018663715723527, 0.2498066010217723], "AMU": [-0.10329795841676459, 0.24980660471674762], "CUUI": [-0.38756461186685437, 0.24980659410971523], "data_points": [119393.0, 1.0], "NUCLEA": [-0.6284866814812579, 0.2498066066290886], "CAMB": [-0.836606555178022, 0.24980659153053952], "SOURCE": [0.6828245405298857, 0.24980660289429954]}