{"PKU": [0.08277935094839245, 0.24980570332495688], "IITB": [0.5954512970017299, 0.2498057207232243], "CAMB": [-0.8246651505180357, 0.24980572717763563], "UMC": [-0.12171032462015374, 0.24980569105246572], "NUCLEA": [-0.6271655488508616, 0.2498057195682593], "SJTU": [0.33785953287220166, 0.24980571736784207], "AMU": [-0.10261211263285491, 0.24980572103320434], "RAC": [0.15126564634080888, 0.24980572412101829], "NTHU": [-0.2958132583247091, 0.24980567874896126], "CUUI": [-0.411631066694007, 0.249805715033869], "UFC": [0.643144825920993, 0.24980572174126295], "data_points": [118938.0, 1.0], "SOURCE": [0.6674181094569515, 0.24980572451367797], "POST": [-0.3567259071838396, 0.24980572534800086], "IPN": [0.2624045829340379, 0.24980571530737158]}