{"CUUI": [-0.22772810419911732, 0.24972521122520314], "IITB": [0.7545213956023755, 0.2497252195463907], "POST": [-0.36137259810004924, 0.2497252198035526], "IPN": [0.00480961191349383, 0.24972521220135988], "UMC": [-0.1482460223752893, 0.24972521081856836], "CAMB": [-0.5142280077124294, 0.24972519396125328], "src": [-0.028651566874100802, 0.2497252012375744], "RAC": [0.19242866603455092, 0.24972520528622946], "SJTU": [0.5562054534471124, 0.24972517171547534], "data_points": [77281.0, 1.0], "NUCLEA": [-0.26914192369307394, 0.24972515795357175], "PKU": [0.23087138396920306, 0.24972520874013365], "UFC": [-0.03160745747205227, 0.24972521630044323], "NTHU": [-0.1807805934061728, 0.2497251573494775], "JMGR": [0.01829878312529873, 0.24972522127802185], "AMU": [0.004620992535451027, 0.24972511834603106]}