{"UFC": [0.5545204362923238, 0.2498065710307887], "SJTU": [0.2933622326174902, 0.24980657000334405], "RAC": [0.22406034763364024, 0.249806576975654], "IITB": [0.5277080958146347, 0.24980657045101617], "AMU": [-0.060567479853580554, 0.2498065703644285], "CUUI": [-0.40228092278591965, 0.24980657335823392], "SOURCE": [0.6083760277264229, 0.2498065627696216], "CAMB": [-0.7595247428297769, 0.24980656545945695], "POST": [-0.31670702887981006, 0.24980657270036896], "IPN": [0.18887385511680302, 0.24980657776176587], "PKU": [0.18946975919692924, 0.24980657909277032], "data_points": [119393.0, 1.0], "UMC": [-0.16769049675726905, 0.2498065644654036], "NTHU": [-0.32699934506989753, 0.24980655361679047], "NUCLEA": [-0.5526007615051539, 0.24980657976962703]}