{"IITB": [0.5201140205206828, 0.24980585092724297], "AMU": [-0.047339641079762525, 0.24980585588981186], "UMC": [-0.16172360295110066, 0.24980586486415157], "UFC": [0.5750169672621525, 0.2498058627567616], "NTHU": [-0.32296186622011713, 0.24980585663545696], "NUCLEA": [-0.5467853111231354, 0.24980585702380548], "SOURCE": [0.6075760314321776, 0.24980583264868195], "PKU": [0.18983178509396045, 0.24980585345464615], "RAC": [0.21266292435534537, 0.24980585396683827], "SJTU": [0.28355219154864136, 0.24980585819248735], "CUUI": [-0.43637704315982007, 0.24980585561701307], "POST": [-0.29316530961047965, 0.24980585405339997], "CAMB": [-0.7781669310113561, 0.24980585930313773], "data_points": [118938.0, 1.0], "IPN": [0.1977657581370192, 0.24980583274966273]}