{"RAC": [0.23993326681101929, 0.2498058801729961], "NTHU": [-0.3180273164638708, 0.24980588975302453], "CUUI": [-0.35010662698830525, 0.24980587383690742], "IITB": [0.38254143770347054, 0.24980586905867747], "PKU": [0.24473660808527256, 0.24980588530027575], "IPN": [0.06764341155700035, 0.24980588887162644], "SOURCE": [0.47540723600807455, 0.24980588326205244], "CAMB": [-0.605513729320719, 0.2498058660772985], "UFC": [0.4287955821076574, 0.24980585213691375], "UMC": [-0.14309544379306563, 0.2498058781381618], "AMU": [0.020063981390437472, 0.24980588512721197], "SJTU": [0.16147671169889263, 0.24980589011714127], "POST": [-0.25110610246744747, 0.24980588332034032], "data_points": [118938.0, 1.0], "NUCLEA": [-0.3527490316760423, 0.2498058813435257]}