{"UMC": [-0.12507583135501782, 0.24980672320259595], "NUCLEA": [-0.36193785615237256, 0.24980674245722514], "SJTU": [0.18037404837731266, 0.2498067526570211], "AMU": [0.031952199700748384, 0.24980676078437072], "CAMB": [-0.6538324192965259, 0.2498067624402233], "IITB": [0.38838447115664915, 0.24980675408063496], "IPN": [0.08641652876920573, 0.24980675216940487], "SOURCE": [0.4578006634310818, 0.24980675988925546], "UFC": [0.41292306764465875, 0.2498067581819665], "RAC": [0.23494548713750274, 0.24980675671396665], "data_points": [119393.0, 1.0], "POST": [-0.2541032481481388, 0.24980675111141357], "CUUI": [-0.34781458621913053, 0.24980675367444938], "PKU": [0.2707341631295718, 0.24980674673708228], "NTHU": [-0.3207667099386951, 0.24980674918377885]}