{"IPN": [-0.038445105301945295, 0.2497256226910776], "RAC": [0.14750915154401578, 0.24972561371436536], "NUCLEA": [-0.1656210907986691, 0.2497256118679818], "SJTU": [0.36544380101682156, 0.24972561938125012], "POST": [-0.42199520552565095, 0.2497256029738358], "UMC": [-0.17541976474955728, 0.24972559437322644], "data_points": [77281.0, 1.0], "NTHU": [-0.1622934913869384, 0.2497255834475732], "JMGR": [0.07652287069482885, 0.2497256123581261], "CUUI": [-0.17782572880851344, 0.24972559480906628], "UFC": [-0.011092418511466072, 0.24972560726797044], "src": [-0.022919328393411036, 0.24972557841522572], "PKU": [0.29335166405914265, 0.24972556793461778], "CAMB": [-0.4057291899717984, 0.24972561984578737], "AMU": [0.055086733499151545, 0.2497256062519783], "IITB": [0.6434271137630984, 0.2497256026454131]}