{"CUUI": [0.3882590814908204, 0.24975187911492763], "SOURCE": [-0.7319478240457196, 0.24975190046360815], "NTHU": [0.24363476617702393, 0.24975189003010773], "AMU": [0.17510675084578006, 0.24975190307264483], "SJTU": [-0.40078575595021154, 0.24975189386719748], "RAC": [-0.08243962009372426, 0.24975189980510965], "UMC": [0.12700272446713076, 0.24975189618916302], "IITB": [-0.6266176202416288, 0.24975190062923097], "UFC": [-0.6699276458082773, 0.24975183223524564], "IPN": [-0.32422078269278803, 0.24975189795337407], "POST": [0.43791188199011694, 0.24975189889717536], "data_points": [92366.0, 1.0], "PKU": [-0.0072674202234989885, 0.24975189385034877], "CAMB": [0.7846741835696065, 0.24975187002802499], "NUCLEA": [0.6866173098151036, 0.24975188715745625]}