{"PKU": [0.16451710736800487, 0.24972504616432015], "POST": [-0.45213364839634357, 0.2497250346130943], "IPN": [0.10407080352904897, 0.24972502780522662], "SJTU": [0.6371678464502138, 0.24972504610733223], "src": [0.007586364487356951, 0.24972502742913646], "CAMB": [-0.5460277346145176, 0.24972503781088826], "AMU": [-0.01349831502278022, 0.24972503766374968], "IITB": [0.8295714823234897, 0.24972502331280466], "UFC": [0.026990896340832224, 0.24972503630995957], "data_points": [77281.0, 1.0], "CUUI": [-0.24492267975886736, 0.2497250319689466], "NTHU": [-0.13937912646221035, 0.24972503094333395], "RAC": [0.12089314836946471, 0.24972504752016061], "UMC": [-0.10296469795885152, 0.2497250563906351], "NUCLEA": [-0.3918738086300837, 0.24972505041852316], "JMGR": [2.3754188817607283e-06, 0.24972501484719772]}