{"CUUI": [-0.39665747475097357, 0.24980666353941292], "UFC": [0.6456096707895009, 0.2498066724717607], "IITB": [0.606589924023037, 0.24980666260625836], "UMC": [-0.13836994522277918, 0.24980666422766942], "POST": [-0.3809822394580858, 0.24980667053949152], "AMU": [-0.11466634930134305, 0.24980666174814725], "IPN": [0.27062463678519105, 0.24980666678026409], "NTHU": [-0.3039022101448072, 0.24980667417973015], "NUCLEA": [-0.6399801377231904, 0.2498066621280213], "PKU": [0.06894163906774894, 0.249806638292208], "RAC": [0.14650221703322114, 0.2498066706076041], "CAMB": [-0.8147074427935403, 0.249806659298111], "data_points": [119393.0, 1.0], "SOURCE": [0.7040118578309063, 0.249806671699844], "SJTU": [0.34698583544985134, 0.2498066610578923]}