{"data_points": [118938.0, 1.0], "SOURCE": [0.6964921459643527, 0.24980593055980793], "SJTU": [0.34146452912804803, 0.24980591737168314], "CAMB": [-0.8268301404581987, 0.24980592265254878], "UFC": [0.6469939620137737, 0.24980591360533835], "IPN": [0.2730970531997405, 0.2498059263215526], "NTHU": [-0.28475794101529195, 0.2498059207637821], "CUUI": [-0.3950502463688637, 0.2498059294547753], "POST": [-0.37559205628631054, 0.24980591990275772], "UMC": [-0.14298109915364635, 0.24980589234669628], "PKU": [0.08314238612864415, 0.24980592434665216], "AMU": [-0.12003412437647368, 0.24980590889690638], "IITB": [0.6169612084269841, 0.24980591672986519], "RAC": [0.12146761379181693, 0.24980592219984166], "NUCLEA": [-0.6343733100855665, 0.24980591789604487]}