{"RAC": [-0.09482277742629448, 0.24975632626915784], "SOURCE": [0.5211291966118601, 0.24975632692383068], "CUUI": [-0.2810638018830844, 0.2497563361484964], "UMC": [-0.1621098234695355, 0.24975633499081093], "NUCLEA": [0.629229146118885, 0.2497563479383623], "IPN": [-0.02707180882461222, 0.24975633541761222], "AMU": [-0.1647474417327318, 0.2497563052125586], "PKU": [-0.12034388621445175, 0.24975633439643843], "POST": [-0.46930430720235444, 0.24975630266899357], "IITB": [0.47302379426636204, 0.24975633646824857], "UFC": [0.5082867300611519, 0.24975633445933237], "NTHU": [-0.3898033949029664, 0.24975632570737555], "CAMB": [-0.7243453892748424, 0.24975634386597703], "SJTU": [0.30194374657449263, 0.24975632196580685], "data_points": [92366.0, 1.0]}