{"IPN": [0.26613005453379807, 0.249805843920619], "PKU": [0.07809376951443009, 0.2498058513079246], "CUUI": [-0.38952586831597635, 0.249805842773628], "UMC": [-0.1422607662728208, 0.24980582884219063], "NTHU": [-0.3229612234246745, 0.24980584233111905], "AMU": [-0.09936719586824307, 0.2498057972577196], "NUCLEA": [-0.627762981253173, 0.24980585101713473], "RAC": [0.15126441933281962, 0.24980584147244447], "data_points": [118938.0, 1.0], "POST": [-0.3666992752873908, 0.2498058430316794], "SJTU": [0.34410505854439166, 0.2498058482808166], "IITB": [0.6197207814145855, 0.2498058470567823], "UFC": [0.6365424414708398, 0.2498058498711876], "CAMB": [-0.8369202680489782, 0.24980584888058285], "SOURCE": [0.6896410283558401, 0.24980583681292567]}