{"POST": [-0.4009347722420232, 0.24972525127391598], "UFC": [0.0014776860077336865, 0.24972534874655367], "PKU": [0.16063542227648225, 0.24972536604945259], "SJTU": [0.6288541070559365, 0.24972535725232015], "src": [-0.018484191841176802, 0.24972525582636756], "CUUI": [-0.23919527618143435, 0.24972534880360392], "NTHU": [-0.13235599785293875, 0.24972528937464433], "JMGR": [0.011456477804487008, 0.24972525230034526], "RAC": [0.1290275460355904, 0.24972535270998503], "data_points": [77281.0, 1.0], "AMU": [0.021998437944338062, 0.2497253461030017], "UMC": [-0.11294256257966194, 0.249725346481146], "IPN": [0.08947503777993547, 0.24972536762212738], "IITB": [0.8358584411158917, 0.24972534254737067], "CAMB": [-0.592974362615912, 0.24972536521385688], "NUCLEA": [-0.3818959856441578, 0.2497253549057614]}