{"SOURCE": [-0.7330368340341711, 0.24975202254375858], "UMC": [0.1730940312383006, 0.2497520168746102], "RAC": [-0.10363417645324598, 0.24975200404258902], "NUCLEA": [0.6646622350236433, 0.2497519693812569], "data_points": [92366.0, 1.0], "IPN": [-0.32483666879981077, 0.24975202553271156], "POST": [0.41518150619367433, 0.2497520071522837], "NTHU": [0.2592577095888997, 0.24975201146795495], "PKU": [-0.04438886630315822, 0.24975200472772946], "SJTU": [-0.36815117069576114, 0.24975202313093756], "IITB": [-0.6611165688239827, 0.2497519852745052], "UFC": [-0.694679168193542, 0.24975201122970694], "CAMB": [0.8159231477057136, 0.24975201651511908], "CUUI": [0.43682980536013727, 0.24975201643638661], "AMU": [0.1648950556910756, 0.24975202578025146]}