{"POST": [-0.395994900726126, 0.24975204461197972], "RAC": [0.17989828265920318, 0.24975204732022985], "UFC": [0.6399178638946615, 0.2497520247499167], "IPN": [0.24935231366415225, 0.24975202897500856], "PKU": [0.11941310609855199, 0.24975203498646042], "SOURCE": [0.6877045550200067, 0.24975203973805293], "SJTU": [0.3223628967249659, 0.24975203741977137], "AMU": [-0.10054909126048034, 0.24975204169441126], "CUUI": [-0.4394588403774409, 0.24975204042366356], "IITB": [0.5966093842722775, 0.24975204241522508], "data_points": [92366.0, 1.0], "NTHU": [-0.2965353087794263, 0.24975199576033666], "CAMB": [-0.7843580136608036, 0.2497520410949617], "UMC": [-0.1761905009714079, 0.24975204477112595], "NUCLEA": [-0.602171779123117, 0.24975204326700062]}