{"IPN": [0.2563805927823293, 0.24980653773213202], "SJTU": [0.34243924747849297, 0.24980654658283064], "IITB": [0.5887552692994655, 0.24980655177871997], "NTHU": [-0.30473544862891816, 0.24980653963356902], "UFC": [0.6314828324231659, 0.2498065535456683], "CUUI": [-0.4275372901740819, 0.24980655551107853], "CAMB": [-0.8187741542997015, 0.2498065404626093], "RAC": [0.16421650513698482, 0.24980653654220916], "data_points": [119393.0, 1.0], "PKU": [0.08605359982624773, 0.24980655346119446], "AMU": [-0.07421275300937204, 0.24980654875758326], "NUCLEA": [-0.618791422471859, 0.24980655634842222], "POST": [-0.366618999654228, 0.2498065281663984], "UMC": [-0.14172019429797875, 0.2498065487659545], "SOURCE": [0.6830621894971125, 0.2498065371334169]}