{"UFC": [0.6467520366081058, 0.24980566463074255], "UMC": [-0.13408849362535163, 0.24980566838872492], "IITB": [0.5984581745040171, 0.24980565208796943], "CUUI": [-0.38255822294311226, 0.24980564507755215], "NTHU": [-0.2664949212331656, 0.24980565953062528], "RAC": [0.13949020728433204, 0.24980566181023367], "PKU": [0.059470649119381706, 0.24980566097727744], "SOURCE": [0.6907218576330113, 0.2498056645872077], "data_points": [118938.0, 1.0], "SJTU": [0.3540771513369489, 0.24980566219364597], "NUCLEA": [-0.6264424404749663, 0.24980566194072878], "AMU": [-0.09732659402044237, 0.24980566877297256], "IPN": [0.2627669127979063, 0.2498056659249279], "CAMB": [-0.8504941310201852, 0.2498056567587397], "POST": [-0.3943322065933794, 0.2498056688214079]}