{"AMU": [0.01996315420242889, 0.24972526403704146], "CAMB": [-0.5752289452607102, 0.2497252576874536], "src": [0.00721234457211309, 0.24972525302860396], "SJTU": [0.6240496226621994, 0.24972526035249734], "IPN": [0.10204331847801579, 0.24972525096999243], "NTHU": [-0.1441799494043466, 0.2497252505207517], "POST": [-0.4257068217293392, 0.24972524885067776], "JMGR": [-0.006103369826261226, 0.24972525846695942], "RAC": [0.10240849292410226, 0.24972524380557265], "UMC": [-0.1223745328178752, 0.24972522937140293], "UFC": [0.019968983637741213, 0.24972522753586246], "data_points": [77281.0, 1.0], "NUCLEA": [-0.37598101437983794, 0.2497252507211095], "IITB": [0.8391863893548572, 0.24972524901718055], "CUUI": [-0.25028786159203975, 0.24972520962742475], "PKU": [0.1850301891082374, 0.24972515665763984]}