{"PKU": [0.05936529288583612, 0.24980650831250614], "NTHU": [-0.27601140867247315, 0.24980650126569368], "AMU": [-0.10916421750059357, 0.24980651005468454], "UFC": [0.6307666477238808, 0.24980650185665743], "SJTU": [0.35368649846737504, 0.2498065093636597], "CUUI": [-0.3901972540027219, 0.24980649326056747], "POST": [-0.36925131943539746, 0.2498065096834712], "SOURCE": [0.7023327422073474, 0.24980649927884474], "IPN": [0.26224344134972755, 0.2498064746434688], "NUCLEA": [-0.6586475672718904, 0.24980650175496708], "data_points": [119393.0, 1.0], "CAMB": [-0.8162640358028385, 0.2498064958021743], "UMC": [-0.14315283060111503, 0.24980649040161065], "IITB": [0.6136538543057619, 0.24980649477723876], "RAC": [0.1406401340889611, 0.2498065029189771]}