{"POST": [-0.19757537729290997, 0.24970454466995104], "SJTU": [-0.15340343759054806, 0.2497045458334906], "IPN": [-0.01940662264405605, 0.24970455499951688], "RAC": [0.1485986183365379, 0.2497045405314189], "IITB": [0.02642971724457584, 0.24970446073921249], "CUUI": [-0.10645945146446613, 0.2497045307810946], "PKU": [0.34006975947876117, 0.24970454487935492], "data_points": [77281.0, 1.0], "UMC": [-0.1249410708942507, 0.24970455057231686], "CAMB": [-0.15636188606273382, 0.2497045501538657], "JMGR": [0.10313146061047054, 0.24970455630619973], "NTHU": [-0.06154663408093292, 0.24970455127651425], "AMU": [0.18593533067947082, 0.24970453742351548], "UFC": [0.02070276866646644, 0.2497045084962769], "NUCLEA": [-0.023656139346567934, 0.2497045604899017], "src": [0.018482971746239654, 0.24970453091166375]}