{"IITB": [-0.07543939243322056, 0.24978181703483268], "RAC": [0.10811543526641577, 0.24978181682710113], "CAMB": [0.00804877361450754, 0.2497818089351846], "UFC": [-0.0691936106972791, 0.2497818131303277], "SJTU": [-0.14979787486554513, 0.2497818108828475], "AMU": [0.16445454615206526, 0.24978181958901427], "UMC": [-0.06114607311045803, 0.24978179804088885], "NUCLEA": [0.10763590967341223, 0.24978180219243545], "SOURCE": [-0.0684734355612047, 0.2497818114405955], "CUUI": [-0.06955416357475248, 0.24978180809144168], "POST": [0.0003610800611911026, 0.24978180668558364], "data_points": [118938.0, 1.0], "PKU": [0.2663195893669974, 0.24978181366608423], "IPN": [-0.08745203816106809, 0.2497818062197848], "NTHU": [-0.07387874206995727, 0.2497818125181068]}