{"IITB": [0.8497223262639144, 0.24972529562346563], "data_points": [77281.0, 1.0], "NTHU": [-0.14917239690850684, 0.2497253372462633], "IPN": [0.0630406813157455, 0.24972532964301683], "SJTU": [0.6412389646788759, 0.24972531816975205], "CUUI": [-0.2839284800130672, 0.24972530674469454], "PKU": [0.17560502493576238, 0.24972533509866127], "RAC": [0.14899174093918913, 0.24972532520205903], "POST": [-0.40112310132187035, 0.24972531478578916], "src": [-0.021067064081730324, 0.24972531857232483], "UMC": [-0.14122509602651956, 0.24972533782454617], "CAMB": [-0.5358637101760578, 0.2497253250990078], "AMU": [0.007762676360658086, 0.2497253364244961], "UFC": [0.01848705495419062, 0.24972528427836874], "NUCLEA": [-0.3835600599769204, 0.2497252907371371], "JMGR": [0.01109144895004988, 0.24972533001543445]}