{"SJTU": [0.3346146262932268, 0.24980588953556107], "SOURCE": [0.6752213426632251, 0.24980586231221408], "UFC": [0.6050610908755893, 0.24980587806529178], "CAMB": [-0.8104889731090689, 0.24980588960199926], "NUCLEA": [-0.6206752407864974, 0.2498058808428814], "NTHU": [-0.3277689332350429, 0.24980587959995243], "RAC": [0.1770992185342417, 0.2498058875328978], "POST": [-0.3593724292506323, 0.24980588819195346], "IPN": [0.2436615506757541, 0.24980588427759473], "IITB": [0.5959323541161072, 0.24980588527935915], "UMC": [-0.1456233748228872, 0.24980589008019496], "CUUI": [-0.4225622590858792, 0.24980588868185447], "PKU": [0.13132004468049124, 0.2498058957689983], "data_points": [118938.0, 1.0], "AMU": [-0.07641904478374836, 0.24980589594989522]}