{"SJTU": [0.33525335287659247, 0.24980654076679457], "UMC": [-0.14530880430575255, 0.2498065765937289], "RAC": [0.1736699429864282, 0.24980658279629947], "IPN": [0.21891572676057225, 0.24980657503550338], "CAMB": [-0.8346865730079198, 0.24980658857445398], "AMU": [-0.08211061933176876, 0.2498065846494194], "PKU": [0.10568747860617192, 0.24980657002917048], "CUUI": [-0.41712565987805283, 0.24980657054857963], "SOURCE": [0.6785132328986007, 0.24980658296732106], "UFC": [0.6196356978390806, 0.2498065792724819], "data_points": [119393.0, 1.0], "POST": [-0.3520142922086154, 0.24980656947940624], "NUCLEA": [-0.5879135824154317, 0.24980657964474828], "IITB": [0.5943785070279602, 0.24980654759637383], "NTHU": [-0.30689442849045495, 0.2498065813564662]}