{"RAC": [0.18205061337804895, 0.24980659573109312], "CUUI": [-0.41892223320514743, 0.24980660216045947], "SOURCE": [0.6582879794920067, 0.2498066008732744], "PKU": [0.11909430889105188, 0.24980659739718095], "CAMB": [-0.8150607362229242, 0.24980660271301666], "data_points": [119393.0, 1.0], "NTHU": [-0.32520507551966554, 0.24980660532066962], "POST": [-0.3378930437297672, 0.24980660097469598], "NUCLEA": [-0.5990452472943321, 0.24980660529547655], "AMU": [-0.07074290196831592, 0.24980660158153045], "UMC": [-0.15416465890448686, 0.2498066053457742], "UFC": [0.6106535825904021, 0.2498066045350145], "SJTU": [0.32209156026068947, 0.24980657991970495], "IPN": [0.24740342754017214, 0.24980659389155943], "IITB": [0.5814524026450933, 0.24980659860532922]}