{"POST": [-0.40851452606829564, 0.24972534603102445], "CUUI": [-0.2543564970835095, 0.24972534139679947], "IPN": [0.07061841465361059, 0.24972531529222078], "RAC": [0.13919430305236247, 0.24972533635702823], "AMU": [0.018483451722828132, 0.24972533000769756], "src": [-0.001472148840059554, 0.24972530073070737], "CAMB": [-0.5768962968641823, 0.24972532373458903], "NUCLEA": [-0.3650797646325412, 0.24972532555817845], "PKU": [0.191875084640731, 0.24972535158265022], "UMC": [-0.15268652087366247, 0.24972528091143376], "SJTU": [0.619615628515998, 0.24972534398141472], "NTHU": [-0.14455705346233289, 0.24972535007783506], "data_points": [77281.0, 1.0], "IITB": [0.8240329004789321, 0.24972535148435165], "UFC": [0.020523270206439383, 0.2497253366463065], "JMGR": [0.019219754053525703, 0.2497253108377164]}