{"SOURCE": [0.6784617433149819, 0.24980569987416645], "NTHU": [-0.3075839250162444, 0.2498057022212054], "IITB": [0.5693838457616788, 0.24980570030656185], "AMU": [-0.0867532167589697, 0.24980569791102922], "SJTU": [0.3206764519942359, 0.24980569572330882], "NUCLEA": [-0.6156310639907862, 0.2498056953369444], "RAC": [0.17457740236247885, 0.2498056951667889], "POST": [-0.35288028693983226, 0.24980570547724243], "data_points": [118938.0, 1.0], "IPN": [0.25567773398137666, 0.24980569799664742], "CUUI": [-0.394570757010571, 0.24980568575524276], "UFC": [0.6022982844991579, 0.2498056927018305], "PKU": [0.13168094782032833, 0.2498057031187882], "CAMB": [-0.8392032104219656, 0.24980569695437257], "UMC": [-0.13613397723349072, 0.24980568025301192]}