{"SOURCE": [0.7294725906727929, 0.24975090803211963], "SJTU": [0.3877888733099742, 0.24975090239353231], "IPN": [0.28957283397571126, 0.249750884634958], "NTHU": [-0.2727130327539022, 0.24975089660071664], "UMC": [-0.15530889834286288, 0.24975088946424673], "AMU": [-0.1246821221670041, 0.24975090286664584], "PKU": [0.04439062735672976, 0.2497508964138065], "CAMB": [-0.8292159033360786, 0.2497508902010148], "RAC": [0.12482502465073972, 0.24975091226978846], "CUUI": [-0.4128530889580744, 0.24975087046440583], "POST": [-0.4263112591818063, 0.24975089048322954], "IITB": [0.6290940251014336, 0.2497508839658463], "UFC": [0.6679160323945705, 0.24975088728848596], "data_points": [92366.0, 1.0], "NUCLEA": [-0.6519757391242099, 0.2497508965950784]}