{"IITB": [0.6388410565236935, 0.2497510729827007], "UFC": [0.6643572600016767, 0.2497510808616857], "UMC": [-0.15437513269951375, 0.24975096514478368], "CUUI": [-0.42461015712760813, 0.24975105926455968], "CAMB": [-0.8072534623667542, 0.2497510460748244], "SJTU": [0.38376681402484697, 0.24975105788493593], "IPN": [0.31818481407608534, 0.2497510757573311], "POST": [-0.43110162606775715, 0.24975106167944755], "AMU": [-0.1435543507908472, 0.2497510745520035], "data_points": [92366.0, 1.0], "PKU": [0.044854276834293105, 0.2497510711321619], "RAC": [0.08677591710808581, 0.24975107087815587], "NTHU": [-0.2601845145408493, 0.24975107761359336], "NUCLEA": [-0.6563067915028563, 0.24975104508555757], "SOURCE": [0.7406058643074116, 0.2497510583324275]}