{"CUUI": [0.3341834998848765, 0.24980660483627584], "POST": [0.4077888622095242, 0.24980659101663427], "UMC": [0.12843396408513297, 0.24980660245194322], "RAC": [-0.09754571070333148, 0.24980657752442761], "CAMB": [0.8033388898692332, 0.2498066023907637], "IPN": [-0.28870090193317116, 0.24980659805620462], "IITB": [-0.6173645574766512, 0.24980657868995235], "NTHU": [0.2430984358082531, 0.24980658614152032], "PKU": [0.01915564726673277, 0.24980657714979893], "SJTU": [-0.38397231455212366, 0.249806602767105], "data_points": [119393.0, 1.0], "UFC": [-0.6488430866552267, 0.24980659248287185], "SOURCE": [-0.7144253902325777, 0.24980660235207747], "NUCLEA": [0.6794722890283248, 0.24980659528543936], "AMU": [0.13538039641470329, 0.24980659596376178]}