{"POST": [-0.3562465806929148, 0.24980576199257326], "NUCLEA": [-0.633411462107913, 0.2498057722952715], "NTHU": [-0.32080281746598105, 0.24980573141854537], "UMC": [-0.1268802508344908, 0.24980574723657517], "RAC": [0.16280102094720392, 0.24980576340661578], "CAMB": [-0.8025635987451679, 0.2498057661596457], "IPN": [0.24174083025249488, 0.24980576896691542], "AMU": [-0.0887940795025479, 0.24980576882427366], "IITB": [0.5962937551463403, 0.24980571360474849], "UFC": [0.6103507411368799, 0.24980576974468416], "data_points": [118938.0, 1.0], "PKU": [0.11942671996071132, 0.2498057694394774], "SOURCE": [0.6877160366127847, 0.2498057610564182], "SJTU": [0.3177975887917183, 0.24980575194806282], "CUUI": [-0.40742792285468393, 0.24980576754444012]}