{"IPN": [0.23926235965727818, 0.24980676854534378], "SJTU": [0.324724952387436, 0.24980676922764697], "POST": [-0.33561968104728157, 0.24980676204483243], "NTHU": [-0.3034234787072294, 0.24980675837457006], "UMC": [-0.12603767724650844, 0.24980676084257408], "PKU": [0.11956867514174763, 0.24980677439864324], "SOURCE": [0.6708560399403064, 0.24980674678542464], "data_points": [119393.0, 1.0], "NUCLEA": [-0.6459618785585844, 0.249806751453665], "AMU": [-0.06356202599137761, 0.24980676633284551], "UFC": [0.6342352434515758, 0.24980675546376704], "CUUI": [-0.44285433597796303, 0.24980676812045827], "RAC": [0.1693632378730409, 0.24980677292253972], "IITB": [0.5791815347529197, 0.24980676613329614], "CAMB": [-0.8197329900595138, 0.24980677285799047]}