{"JMGR": [0.009983444531722254, 0.24972512449974343], "SJTU": [0.6580576000052615, 0.24972511982995585], "AMU": [0.031050766140093337, 0.24972511854518326], "src": [-0.0059131196620612276, 0.2497251293970546], "NTHU": [-0.16839991093502352, 0.24972514341299965], "NUCLEA": [-0.3730199779725824, 0.24972511345447632], "data_points": [77281.0, 1.0], "UFC": [-0.004806027127131133, 0.24972514380185915], "RAC": [0.16266888392184806, 0.2497251227648328], "CAMB": [-0.5687603546928278, 0.24972514515078034], "IPN": [0.08410873237420942, 0.24972511269929887], "PKU": [0.1857757101999094, 0.2497251303896767], "POST": [-0.40592654165574416, 0.2497251243956832], "CUUI": [-0.25601927992779255, 0.24972510187560396], "UMC": [-0.1552745662709455, 0.24972512742348385], "IITB": [0.806474650080734, 0.24972512657261722]}