{"data_points": [92366.0, 1.0], "UFC": [-0.7506893265485994, 0.24975503973411325], "CAMB": [0.9755630615329204, 0.24975505302648837], "AMU": [0.17187349711531125, 0.24975504740841584], "SJTU": [-0.4164226478428691, 0.24975503404301172], "RAC": [-0.10100538521084379, 0.2497550475646463], "CUUI": [0.3427936688729776, 0.24975503923498127], "NTHU": [0.22244818544870326, 0.24975504217575223], "IITB": [-0.6818607742442947, 0.24975499141174748], "UMC": [0.16366652905357856, 0.24975504192340528], "IPN": [-0.37419090941154365, 0.24975505140989235], "NUCLEA": [0.8482786510088336, 0.24975504456972106], "POST": [0.3819305573821525, 0.2497550411035212], "PKU": [0.006656111472384595, 0.24975503768107307], "SOURCE": [-0.7890411740455637, 0.24975504792441844]}