{"NUCLEA": [-0.6512288957084631, 0.2498066941071652], "RAC": [0.13524764629292668, 0.24980670650372314], "CUUI": [-0.39881298460675874, 0.2498066933817279], "SOURCE": [0.7053266196929744, 0.2498067149914171], "PKU": [0.061878670790462956, 0.24980671604911148], "AMU": [-0.1068921535285749, 0.24980668709492232], "IPN": [0.26739170191810463, 0.2498067014822474], "UMC": [-0.11370738007575806, 0.2498067142976863], "SJTU": [0.35261325960375023, 0.24980670875293395], "POST": [-0.36386668279483886, 0.2498067195964888], "data_points": [119393.0, 1.0], "CAMB": [-0.8524055692900276, 0.2498067038984981], "IITB": [0.5953403525697676, 0.24980669986510826], "UFC": [0.6627211939169996, 0.24980671887283645], "NTHU": [-0.29360580330241415, 0.24980668797633512]}