{"AMU": [-0.011132823593738385, 0.24980676453137204], "PKU": [0.23303363835314217, 0.24980675473057332], "NTHU": [-0.31370882289201585, 0.24980676302452207], "IITB": [0.4628359978162482, 0.24980676702066223], "UFC": [0.5054402342343561, 0.24980675338290098], "SOURCE": [0.5476867963354639, 0.24980675702351485], "SJTU": [0.24452628069857305, 0.24980675100788033], "NUCLEA": [-0.4642706769965602, 0.24980676825475936], "CUUI": [-0.40610641564605704, 0.24980676150168338], "data_points": [119393.0, 1.0], "RAC": [0.22429761060897133, 0.24980675478906011], "POST": [-0.27804240676410286, 0.24980676715059863], "IPN": [0.1468601334216586, 0.24980675894980828], "UMC": [-0.17594302774047996, 0.24980675651738354], "CAMB": [-0.7154765358810395, 0.24980674736201247]}