{"RAC": [0.17671454317176832, 0.24972526204036896], "NTHU": [-0.17135395969102837, 0.24972526172231121], "src": [-0.02661899776595264, 0.2497253333230478], "data_points": [77281.0, 1.0], "CUUI": [-0.2264407756900979, 0.2497253121963615], "SJTU": [0.5430809518905833, 0.2497252956949754], "UMC": [-0.16636332248901048, 0.24972532538459552], "NUCLEA": [-0.25120721674136876, 0.2497253150369283], "AMU": [0.019222701953638743, 0.2497253045576401], "UFC": [-0.020887726799568712, 0.24972532834793584], "IPN": [-0.0049899028841509825, 0.24972531063436224], "CAMB": [-0.4950060280409534, 0.24972533532593896], "PKU": [0.2624849596903688, 0.24972530654016437], "JMGR": [0.043254260618759546, 0.24972531253044153], "POST": [-0.3608181509675911, 0.2497252997321472], "IITB": [0.6789286679282928, 0.24972527450780563]}