{"SJTU": [0.23801324743216462, 0.2498059157076386], "POST": [-0.25579850871972704, 0.24980589460006988], "CUUI": [-0.40754071290388244, 0.2498059065457888], "PKU": [0.2557904246163239, 0.24980592284370973], "NTHU": [-0.34662499611520375, 0.2498059198293318], "UMC": [-0.1561936983633292, 0.24980592122624237], "data_points": [118938.0, 1.0], "SOURCE": [0.5586729242253252, 0.2498059181853334], "RAC": [0.23801070138003824, 0.24980592072920527], "UFC": [0.4927156588760498, 0.24980590271087358], "CAMB": [-0.7162897835714291, 0.24980592040895067], "AMU": [-0.014299661879043133, 0.24980591043815656], "IPN": [0.14117627900354057, 0.2498058844616738], "NUCLEA": [-0.4640035515762892, 0.24980591845702274], "IITB": [0.4363716554419439, 0.24980591456062304]}