{"CAMB": [1.0189055937232963, 0.24980907382231862], "UMC": [0.1339446164041411, 0.24980907316802387], "SJTU": [-0.41102874720869415, 0.2498090729562345], "POST": [0.36818249076028775, 0.249809079828549], "UFC": [-0.7448430681539373, 0.249809076934194], "PKU": [0.01628229180736915, 0.249809070910272], "IITB": [-0.6828459928010285, 0.2498090787866164], "NUCLEA": [0.8220322985108315, 0.24980908045841219], "CUUI": [0.31743375535457796, 0.24980908629604956], "NTHU": [0.2203643065738346, 0.24980907630358273], "IPN": [-0.33454548876334583, 0.24980906675742917], "AMU": [0.16530487139026873, 0.24980907889110981], "RAC": [-0.1266288611566718, 0.249809084258305], "data_points": [119393.0, 1.0], "SOURCE": [-0.7625580409977295, 0.24980905074203358]}