{"JMGR": [0.026800329880279403, 0.24972517789216217], "NUCLEA": [-0.3057342338819217, 0.24972519261119777], "POST": [-0.3744989628448819, 0.24972516400252248], "SJTU": [0.5575010689515879, 0.24972521164690284], "UMC": [-0.15897050454109443, 0.24972516009578546], "AMU": [0.029023114663420297, 0.24972518967708598], "PKU": [0.2340173281313685, 0.24972518729337956], "RAC": [0.18059802858083504, 0.24972520597941533], "CUUI": [-0.22902501056749638, 0.2497251963703905], "UFC": [-0.009983197445864775, 0.249725195058056], "IITB": [0.772270974664849, 0.24972520206357363], "IPN": [0.017747309057722673, 0.24972520900782014], "src": [-0.0539718816388363, 0.2497251864864814], "CAMB": [-0.5149704446003228, 0.2497251973509479], "data_points": [77281.0, 1.0], "NTHU": [-0.1708039031759165, 0.2497251982829091]}