{"IPN": [0.17421788086428103, 0.24980576388763445], "NTHU": [-0.329688695625286, 0.2498057585338725], "UFC": [0.5509868427205046, 0.24980576010376382], "NUCLEA": [-0.4994499945314422, 0.24980577261143252], "SOURCE": [0.5849888328037718, 0.24980576924945833], "CAMB": [-0.7666270043285274, 0.24980577534633758], "SJTU": [0.27525840583021655, 0.24980577140595162], "UMC": [-0.17481688933684805, 0.24980573633527023], "data_points": [118938.0, 1.0], "AMU": [-0.057193927933783514, 0.24980576697030643], "POST": [-0.26925537050843845, 0.24980577166420945], "IITB": [0.5132636001267776, 0.24980575299141322], "RAC": [0.21349961599196135, 0.24980576855094414], "PKU": [0.2000451328359963, 0.24980575433363794], "CUUI": [-0.4152284507359595, 0.24980576885980676]}