{"IPN": [0.1736716772807609, 0.2498065744711095], "CUUI": [-0.415923892797205, 0.24980656866388234], "CAMB": [-0.7396556790843504, 0.24980657465038802], "data_points": [119393.0, 1.0], "UMC": [-0.19186731330663226, 0.24980657545576046], "PKU": [0.2058689694626534, 0.24980657089770367], "NTHU": [-0.3246029336110557, 0.24980658285034715], "UFC": [0.5456590497901443, 0.2498065721158934], "IITB": [0.5052076699414751, 0.2498065710994505], "NUCLEA": [-0.5199264570519024, 0.2498065642393777], "RAC": [0.2234587118906384, 0.24980655798760606], "AMU": [-0.03567012553194219, 0.24980655891858505], "POST": [-0.28199350080035024, 0.24980657536337839], "SOURCE": [0.5958055080133611, 0.24980658380530024], "SJTU": [0.25996829489613144, 0.24980657085478145]}