{"IPN": [0.27442513687572634, 0.24980510804069392], "PKU": [0.05214190315323119, 0.2498051227102693], "CAMB": [-0.8316363979672522, 0.24980513572692417], "POST": [-0.3838798337846431, 0.24980513178605168], "SJTU": [0.37162057278429267, 0.24980512122511772], "data_points": [118938.0, 1.0], "NUCLEA": [-0.6629682020965452, 0.24980513311718197], "NTHU": [-0.27538277080795903, 0.249805120182312], "CUUI": [-0.3936134706835007, 0.24980512779034048], "RAC": [0.12014527014176289, 0.249805134346525], "AMU": [-0.11642939209269905, 0.24980512976186905], "UMC": [-0.13529215133356245, 0.24980512905571692], "IITB": [0.6217647862950253, 0.24980512959538725], "SOURCE": [0.7073030637436847, 0.2498051372862415], "UFC": [0.6518014619300792, 0.24980511326931967]}