{"NUCLEA": [-0.3530437626357204, 0.24971292647579063], "CUUI": [-0.2234696547677331, 0.24971292147421437], "PKU": [0.0430693114010349, 0.2497128931961247], "UFC": [0.012939075716554532, 0.2497129289558281], "UMC": [-0.07282459794927769, 0.24971294026105406], "IITB": [0.8337912087101984, 0.2497129519154188], "JMGR": [-0.04307096407763479, 0.24971292939909417], "SJTU": [0.7197619290244385, 0.2497129436260919], "data_points": [77281.0, 1.0], "POST": [-0.34731269016197847, 0.2497129438748786], "IPN": [0.10499395316350917, 0.24971294162997498], "RAC": [0.05878103476400589, 0.24971293835916353], "AMU": [-0.06265973681940847, 0.24971293539091755], "NTHU": [-0.13456940944966658, 0.2497129445353873], "src": [-0.009241492295202122, 0.2497129481210796], "CAMB": [-0.5271441731379988, 0.24971293575436307]}