{"IPN": [-0.019959593196785645, 0.24972523768741192], "UMC": [-0.15453027609281614, 0.24972525919519145], "IITB": [0.6462021180653865, 0.2497252431455822], "PKU": [0.27782014951754, 0.24972528647993258], "RAC": [0.17024441289150377, 0.24972525432450027], "CUUI": [-0.2018572345025119, 0.2497252495096337], "AMU": [0.054715270798193535, 0.24972526873648573], "POST": [-0.3966731525859247, 0.24972528055504065], "src": [-0.04713406419529401, 0.24972523733037225], "SJTU": [0.424410235186117, 0.24972524263206777], "UFC": [-0.027910416461666837, 0.24972518255912524], "data_points": [77281.0, 1.0], "NUCLEA": [-0.18891300678314804, 0.24972527134993164], "CAMB": [-0.4364115162357901, 0.24972527958987448], "JMGR": [0.06894671649943919, 0.24972526060396025], "NTHU": [-0.16894963178022407, 0.24972523562461205]}