{"IPN": [0.11197844929769112, 0.24980597824273634], "NTHU": [-0.34001523824896174, 0.24980596799813318], "CAMB": [-0.6425185865683491, 0.2498059788067503], "POST": [-0.2408977577030314, 0.249805976002611], "AMU": [0.005162934777347197, 0.24980597178587186], "NUCLEA": [-0.3972010569916986, 0.24980597539861074], "UFC": [0.4436944710448473, 0.24980597362158968], "PKU": [0.2619188300225441, 0.2498059665386041], "IITB": [0.4126989378128998, 0.2498059632360291], "data_points": [118938.0, 1.0], "UMC": [-0.1368493197945147, 0.24980596904510888], "SJTU": [0.19031271116983484, 0.24980598133290435], "SOURCE": [0.4736090164103566, 0.24980596555230922], "CUUI": [-0.3796608348895114, 0.2498059692774331], "RAC": [0.23776742666161366, 0.24980597213512826]}