{"UFC": [0.4274048731047663, 0.24980681341426667], "CAMB": [-0.6568257515604211, 0.24980681203779], "AMU": [0.006938424355680496, 0.24980681785426956], "CUUI": [-0.36313534750723875, 0.24980681436770527], "POST": [-0.24644204968114927, 0.24980681024937018], "UMC": [-0.13201830349274155, 0.24980680280053363], "NUCLEA": [-0.37031538454573304, 0.24980681408053526], "SJTU": [0.18599620408875367, 0.24980680780270031], "RAC": [0.23781990340323975, 0.24980681472850633], "data_points": [119393.0, 1.0], "IPN": [0.08893056251615986, 0.2498068148027372], "NTHU": [-0.32758734213021184, 0.24980678972450174], "IITB": [0.40705734805164684, 0.24980680838440036], "SOURCE": [0.4824547890430762, 0.24980680922548026], "PKU": [0.2597220562104665, 0.24980681529329793]}