{"IITB": [0.6013396995555823, 0.24980572203863421], "SJTU": [0.33798114271716995, 0.24980568689486604], "RAC": [0.14730055943501497, 0.24980571932746934], "POST": [-0.37775105738956194, 0.24980571386601982], "NUCLEA": [-0.6318522746147716, 0.24980572869268758], "AMU": [-0.10165148967140691, 0.24980571466038437], "IPN": [0.2654111746877117, 0.24980571804054505], "NTHU": [-0.28403651696995225, 0.24980572363429934], "CAMB": [-0.8370424091887502, 0.24980572037907467], "PKU": [0.07088691646546207, 0.2498057269152646], "SOURCE": [0.6943283250880996, 0.24980564001249786], "UFC": [0.6433874340875042, 0.24980572281813515], "CUUI": [-0.40778715342729704, 0.2498057116936201], "UMC": [-0.12051437097180505, 0.2498057267670697], "data_points": [118938.0, 1.0]}