{"UMC": [-0.11627173451448661, 0.24972515856592958], "IITB": [0.8369706517224362, 0.24972516001266795], "IPN": [0.11849496559232035, 0.2497250274023252], "CAMB": [-0.5687656325396974, 0.24972518071036567], "SJTU": [0.6661912569553083, 0.24972518451245343], "NUCLEA": [-0.4001942092040596, 0.2497251835748732], "data_points": [77281.0, 1.0], "CUUI": [-0.24105033477877622, 0.24972515364112946], "RAC": [0.09538288013330054, 0.24972515476220933], "UFC": [0.03456861136322106, 0.2497251151409559], "AMU": [-0.011275949183574947, 0.24972515301088474], "NTHU": [-0.14214671711072985, 0.24972511638202535], "JMGR": [-0.007392288955685629, 0.24972516005669926], "PKU": [0.15897065645040984, 0.24972513191846676], "POST": [-0.434389808147017, 0.24972516028479605], "src": [0.010907651481460586, 0.24972511265357183]}