{"SJTU": [0.5706242280979676, 0.24972543160510385], "RAC": [0.16654636954827648, 0.24972539900639681], "CAMB": [-0.5042477032787613, 0.2497254094319666], "UMC": [-0.16562574059453217, 0.24972542921088725], "IPN": [0.023477880459521584, 0.2497253687997056], "IITB": [0.7654297648493027, 0.24972540601223606], "POST": [-0.376160723431103, 0.24972541887126856], "data_points": [77281.0, 1.0], "CUUI": [-0.26063999250961295, 0.2497254006036794], "AMU": [0.008688203883570516, 0.24972536624495575], "NUCLEA": [-0.2976047447631303, 0.24972543116397955], "src": [-0.016447754360058884, 0.24972540371606483], "UFC": [-0.02199190971507676, 0.24972539249777223], "JMGR": [0.01903990596295893, 0.24972536317894628], "PKU": [0.26636431848517894, 0.24972541666091846], "NTHU": [-0.17745209676050913, 0.24972540519079384]}