{"IPN": [0.15883853866780198, 0.24980587300323778], "RAC": [0.21818754675339616, 0.24980589034739545], "NUCLEA": [-0.4978848728290434, 0.24980588137469198], "CUUI": [-0.4111454235790339, 0.2498058740791938], "NTHU": [-0.36104337839223083, 0.24980588902706757], "AMU": [-0.049624974363369476, 0.24980588488444389], "CAMB": [-0.7232606017052684, 0.2498058893509549], "POST": [-0.2785057778100423, 0.24980588092559022], "IITB": [0.49548191362486266, 0.24980589655526697], "SJTU": [0.2597606363247029, 0.24980588392624825], "SOURCE": [0.5873913415616964, 0.24980587536403595], "data_points": [118938.0, 1.0], "UFC": [0.5475028034834506, 0.24980588998196096], "PKU": [0.2184283369765207, 0.24980589349640117], "UMC": [-0.1641261077069017, 0.24980588704038065]}