{"RAC": [0.21340841247637907, 0.24980648284000634], "UMC": [-0.17953731877795173, 0.24980652143339718], "NTHU": [-0.33812535139429806, 0.24980649709792657], "NUCLEA": [-0.5234007911919546, 0.2498065322649351], "POST": [-0.29551974029681605, 0.24980653325975974], "PKU": [0.22393857580560922, 0.24980653292279714], "IPN": [0.18324640056117228, 0.2498065338603835], "CUUI": [-0.3815738892870352, 0.24980653582490273], "SOURCE": [0.5686375621451442, 0.24980651166423004], "CAMB": [-0.7480320273966132, 0.2498065354611035], "data_points": [119393.0, 1.0], "UFC": [0.543505037458909, 0.24980651541738322], "SJTU": [0.26631222919397995, 0.2498065281335606], "AMU": [-0.03543322673717143, 0.24980653704502748], "IITB": [0.5025741050698562, 0.2498065174282885]}