{"IPN": [0.2556780387280315, 0.24980578881456728], "PKU": [0.08290352251474424, 0.24980578340096468], "SJTU": [0.338699186163359, 0.2498057837953726], "NUCLEA": [-0.6503505067586435, 0.2498057924949633], "RAC": [0.14718344764130784, 0.24980577877495336], "IITB": [0.6103478792338981, 0.24980578433685519], "UMC": [-0.14045810332849773, 0.24980579134588424], "data_points": [118938.0, 1.0], "UFC": [0.630655186965444, 0.24980578560268665], "CAMB": [-0.7826208437762279, 0.2498057836223713], "POST": [-0.3721049069364512, 0.24980578495950514], "CUUI": [-0.41103079491592, 0.24980578320280633], "SOURCE": [0.6878408241647957, 0.2498057864921372], "NTHU": [-0.30217982873251104, 0.24980577663578105], "AMU": [-0.09456312362169528, 0.2498057941051556]}