{"UMC": [-0.10980353912889534, 0.24972519914777583], "JMGR": [0.013124021839992962, 0.2497252222282423], "RAC": [0.10296571182811479, 0.24972523832798205], "src": [0.004255948080710896, 0.24972526471538017], "AMU": [0.027726655437623978, 0.2497252694038618], "PKU": [0.16433230604803248, 0.2497252415153517], "IITB": [0.8244024985731372, 0.24972525117161512], "NUCLEA": [-0.3647040918667739, 0.24972522719786017], "UFC": [-0.0016625790041510636, 0.24972524760144418], "CUUI": [-0.2757955228502901, 0.24972525973641052], "NTHU": [-0.13605309397885912, 0.24972518658756773], "SJTU": [0.6440094190980277, 0.24972523759610238], "IPN": [0.0909465350913982, 0.24972525432813908], "POST": [-0.433833415172867, 0.249725246194954], "data_points": [77281.0, 1.0], "CAMB": [-0.5499108451964972, 0.24972526417275326]}