{"data_points": [119393.0, 1.0], "CAMB": [-0.8204539290742606, 0.24980657503032985], "UMC": [-0.11550547634927905, 0.2498065704246933], "CUUI": [-0.398100669847915, 0.2498065831316932], "NTHU": [-0.31527110449902523, 0.24980657561141864], "SOURCE": [0.6961146236780243, 0.2498065763285234], "NUCLEA": [-0.6598479982555265, 0.24980657964433506], "SJTU": [0.35404775165970764, 0.24980656978986618], "RAC": [0.15643682310215326, 0.24980657811719229], "UFC": [0.6416608997204248, 0.24980653605771375], "PKU": [0.06930029344356152, 0.2498065665842457], "IITB": [0.6130568866637077, 0.24980657226722233], "AMU": [-0.12711582932505458, 0.24980657148202157], "IPN": [0.2550638015371275, 0.24980654508774236], "POST": [-0.34938609784283414, 0.24980657901888675]}