{"CUUI": [-0.27209881725358354, 0.24972502782097386], "UMC": [-0.11479455358245504, 0.2497250341625152], "CAMB": [-0.5565607308425458, 0.24972503039508281], "IITB": [0.8463975792694285, 0.24972503596249906], "NTHU": [-0.12643872307603796, 0.2497250342590937], "data_points": [77281.0, 1.0], "POST": [-0.4430785952523257, 0.24972504327990586], "AMU": [-0.015523760386134585, 0.2497250415130535], "PKU": [0.19316300577320344, 0.24972502956225143], "IPN": [0.10388912137302408, 0.24972501706142483], "RAC": [0.10019214675107231, 0.24972504222666156], "UFC": [0.0025886817419295046, 0.24972502589847959], "src": [0.0011131131668087302, 0.24972497700098664], "SJTU": [0.6691489256234656, 0.2497250230638965], "NUCLEA": [-0.37339316503472475, 0.24972499497945422], "JMGR": [-0.014604223988075373, 0.24972505161034153]}