{"UFC": [0.644888246111986, 0.24980650143525182], "SJTU": [0.3577569458445588, 0.24980650415700428], "data_points": [119393.0, 1.0], "NUCLEA": [-0.6414130955001861, 0.24980649673506874], "PKU": [0.05577487999973709, 0.24980648484761567], "CUUI": [-0.3925902155044295, 0.24980649883777287], "NTHU": [-0.27912305290865774, 0.2498064937457859], "AMU": [-0.09324484024848262, 0.24980648865640848], "UMC": [-0.14375019554640092, 0.24980649197570204], "IPN": [0.271459565164627, 0.24980650583519626], "RAC": [0.1342916017190638, 0.24980650088272968], "SOURCE": [0.7029310064625535, 0.24980650245261682], "CAMB": [-0.839837378027144, 0.24980649285142192], "POST": [-0.38995622537282004, 0.24980649930964227], "IITB": [0.6128127391850552, 0.24980650237532698]}