{"AMU": [-0.10921972904451309, 0.2498058243457296], "data_points": [118938.0, 1.0], "NUCLEA": [-0.6489106346152401, 0.24980580679137582], "UMC": [-0.14201812697996835, 0.24980581381660194], "CUUI": [-0.39733645885681773, 0.2498058229652986], "IITB": [0.5932918590239744, 0.24980581318223466], "CAMB": [-0.8473741067904771, 0.24980581959557455], "UFC": [0.645071896009109, 0.24980582001109414], "NTHU": [-0.2775501578717969, 0.24980581973400187], "RAC": [0.14045440860094655, 0.2498058066597613], "POST": [-0.3766725918086531, 0.24980580815993], "SJTU": [0.3527583764624225, 0.249805802128339], "IPN": [0.27658675156412493, 0.24980580339185715], "SOURCE": [0.7164320519491596, 0.24980582518317146], "PKU": [0.07448644007235063, 0.24980581906000138]}