{"IITB": [-0.6318830789051557, 0.24975574913720938], "POST": [0.21904586937692555, 0.24975569610935464], "UMC": [-0.01406534998636358, 0.24975572882517172], "NUCLEA": [1.3170302900120348, 0.24975574398331232], "CAMB": [0.6372972941671615, 0.24975573381892274], "NTHU": [0.10396218942503971, 0.24975568161053127], "SJTU": [-0.3836155760486902, 0.24975572684882585], "PKU": [0.03806401495998793, 0.24975571832111043], "SOURCE": [-0.7197329212866225, 0.24975575221098545], "data_points": [92366.0, 1.0], "RAC": [-0.04129459459034931, 0.24975573866398268], "IPN": [-0.3532972711519147, 0.24975574169972178], "AMU": [0.19476140089612426, 0.24975573321516578], "UFC": [-0.6487412809493333, 0.24975574909417375], "CUUI": [0.28246907653645903, 0.24975573467401813]}