{"UMC": [-0.0015375879859592522, 0.24975584007013452], "PKU": [0.0198107861968204, 0.24975583688667147], "CUUI": [0.2810765952028181, 0.2497558354371759], "SJTU": [-0.3839257286533364, 0.24975583193663153], "IPN": [-0.3276190726201742, 0.2497558205279653], "POST": [0.19445632305100966, 0.24975584678323418], "RAC": [-0.07130244483671985, 0.24975580946138104], "NUCLEA": [1.3349741444921055, 0.24975585010569834], "CAMB": [0.6354432868580945, 0.24975583631370207], "AMU": [0.19043004391615065, 0.24975585281336737], "SOURCE": [-0.7228242935465389, 0.24975580815405046], "IITB": [-0.6272416096023636, 0.24975583125335474], "UFC": [-0.6295665301578128, 0.2497558216609888], "NTHU": [0.10782615003246832, 0.24975585226320252], "data_points": [92366.0, 1.0]}