{"AMU": [0.18857236172845523, 0.24975608004755348], "SOURCE": [-0.681830940996971, 0.24975605973390635], "IITB": [-0.6015629050079967, 0.24975606902194777], "IPN": [-0.32916532427739553, 0.2497560739967225], "CUUI": [0.29823992189228754, 0.24975608505979893], "POST": [0.16552461260386606, 0.24975608789473136], "RAC": [-0.04654951485329273, 0.24975606796862784], "NUCLEA": [1.2106217783578632, 0.24975607926672364], "NTHU": [0.12793633708632038, 0.24975607459897697], "PKU": [0.036053976121495246, 0.24975606609384055], "data_points": [92366.0, 1.0], "CAMB": [0.6144008128353908, 0.2497560611342544], "UMC": [-0.006027433784956946, 0.24975608124513402], "UFC": [-0.5915145517757803, 0.2497560861189904], "SJTU": [-0.38469907300781525, 0.24975605819682833]}