{"CUUI": [0.27133015700958324, 0.24975618779548706], "CAMB": [0.6269251621038235, 0.2497561949418642], "PKU": [0.03574005336720916, 0.24975620750781982], "IITB": [-0.5952179776160371, 0.24975618095829794], "AMU": [0.20032671893647028, 0.24975618901032898], "SJTU": [-0.3845440360040748, 0.24975619314106193], "NTHU": [0.11710795695499844, 0.2497562093844696], "data_points": [92366.0, 1.0], "POST": [0.17264163633585042, 0.24975618947547235], "UFC": [-0.6083689634126127, 0.24975620336795984], "SOURCE": [-0.6598728168585775, 0.24975618043241654], "RAC": [-0.029843821945545038, 0.24975620733758438], "NUCLEA": [1.2378402737693552, 0.24975620828333464], "UMC": [-0.02705747589815863, 0.24975618607923158], "IPN": [-0.3570068018509056, 0.24975617625417734]}