{"RAC": [-0.05970246141348417, 0.24975193169311366], "CAMB": [0.7631772814955883, 0.24975193255213685], "NUCLEA": [0.6595490962162663, 0.2497518923301981], "AMU": [0.15036311247413553, 0.24975192466206966], "SOURCE": [-0.7014796274646204, 0.24975192430565799], "data_points": [92366.0, 1.0], "CUUI": [0.37650010528089883, 0.24975190331041874], "POST": [0.4543043852105595, 0.24975192614891803], "SJTU": [-0.3628896175874242, 0.24975191871818006], "UFC": [-0.6696150063874584, 0.24975191941023817], "UMC": [0.1410756574253818, 0.24975192438051097], "IPN": [-0.33721145708224587, 0.24975189922715463], "PKU": [0.004796929550598687, 0.24975190159805002], "IITB": [-0.6456399026230432, 0.2497519204646623], "NTHU": [0.22677153676063355, 0.24975192124154513]}