{"IPN": [-0.30629061630879467, 0.24980660480332456], "CUUI": [0.3609940098371138, 0.24980660435922925], "CAMB": [0.8592280104100419, 0.2498066082717731], "IITB": [-0.6329235018063945, 0.2498065990271588], "UFC": [-0.6576950102313625, 0.2498066082965141], "data_points": [119393.0, 1.0], "NUCLEA": [0.6696570959206102, 0.24980659663276517], "RAC": [-0.09503539386390616, 0.24980657583552496], "SJTU": [-0.375470827794975, 0.24980659733902744], "POST": [0.39283207893502486, 0.24980658699403], "AMU": [0.11622399851603712, 0.2498065907153554], "NTHU": [0.27170445994573533, 0.24980658913484818], "SOURCE": [-0.7059267239621958, 0.2498066076141616], "PKU": [-0.006100769086904114, 0.24980656766003823], "UMC": [0.10880320968599039, 0.24980660141912095]}