{"NTHU": [-0.3147842643639726, 0.24975188305381316], "UMC": [-0.21160353623673783, 0.24975187971919882], "PKU": [0.17726642733056625, 0.24975187402501345], "UFC": [0.6137669243721358, 0.2497518953818428], "POST": [-0.3619653417323784, 0.24975191180590936], "data_points": [92366.0, 1.0], "NUCLEA": [-0.5664344214998296, 0.24975190803665978], "IPN": [0.21362139922501797, 0.2497518983013097], "SOURCE": [0.659701402882611, 0.2497518909213163], "IITB": [0.563659715230288, 0.24975190464621366], "CAMB": [-0.7507949536071846, 0.24975190781831597], "AMU": [-0.06512618981494049, 0.249751896312113], "SJTU": [0.3019430092253827, 0.24975189919529367], "CUUI": [-0.4496612533704968, 0.2497519082187451], "RAC": [0.19041105370674516, 0.2497519022854319]}