{"NTHU": [0.203265072897867, 0.2497550485407185], "POST": [0.3876507229918486, 0.2497550116263214], "IITB": [-0.6436446135073626, 0.2497550330558785], "PKU": [0.03898435246374063, 0.2497550269894855], "UFC": [-0.7217606676778379, 0.2497550473890555], "AMU": [0.19445185723764197, 0.24975503748830002], "data_points": [92366.0, 1.0], "IPN": [-0.35701612890392054, 0.24975494156433625], "UMC": [0.15283597358424786, 0.2497550334279183], "SJTU": [-0.4190470915275027, 0.24975502852133993], "NUCLEA": [0.7845416314779905, 0.2497550373387782], "SOURCE": [-0.78856972558072, 0.24975502509091296], "CUUI": [0.29422278587527045, 0.24975503189367107], "RAC": [-0.056917859880126015, 0.24975504584597594], "CAMB": [0.9310037284923953, 0.24975503043050037]}