{"NTHU": [-0.3059330515038196, 0.24980657786703905], "CAMB": [-0.8289481610831638, 0.24980657690310637], "UMC": [-0.1466240473417339, 0.2498065797876291], "NUCLEA": [-0.6506281433639676, 0.24980657067516415], "PKU": [0.06319589240314548, 0.24980657359433686], "RAC": [0.15320228852506845, 0.2498065843848063], "IPN": [0.25948990741958283, 0.2498065720030191], "POST": [-0.35944030148716816, 0.24980657511705118], "UFC": [0.6410594093992544, 0.24980658321687346], "IITB": [0.6177215618477776, 0.24980656444923552], "SOURCE": [0.7030520071600413, 0.24980656338940269], "data_points": [119393.0, 1.0], "CUUI": [-0.4028837254587453, 0.24980658452980703], "AMU": [-0.10186119348547029, 0.24980657664274383], "SJTU": [0.3585975324509336, 0.24980658583530166]}