{"IITB": [0.8258782956446743, 0.24972522493189014], "IPN": [0.08410535368174776, 0.24972517672565966], "RAC": [0.12829165376504462, 0.24972516282770138], "PKU": [0.18669806089477328, 0.249725197231818], "POST": [-0.40148715242351746, 0.24972520679636576], "NUCLEA": [-0.38873264409431624, 0.24972520553687744], "AMU": [0.016822646812334852, 0.24972522687246648], "CUUI": [-0.23402198978022282, 0.2497251983312616], "JMGR": [-0.0118290213644085, 0.24972518311074213], "CAMB": [-0.5696857412423698, 0.24972521462658512], "SJTU": [0.632550533410358, 0.24972521496560832], "UMC": [-0.1249628336853494, 0.24972522280031909], "src": [-0.0070197780939416365, 0.24972522681525802], "NTHU": [-0.1669229644803783, 0.24972520423711364], "UFC": [0.030315589080057874, 0.249725210326498], "data_points": [77281.0, 1.0]}