{"data_points": [118938.0, 1.0], "CAMB": [-0.8343994955567411, 0.249805969924061], "IPN": [0.26757479615721375, 0.24980596357547094], "SJTU": [0.3505955955027383, 0.24980597062236545], "IITB": [0.6204428746888626, 0.24980596064678018], "POST": [-0.3799161909903961, 0.2498059703119493], "UFC": [0.6316181664741343, 0.24980596332104607], "AMU": [-0.09912815666569066, 0.24980596332104207], "UMC": [-0.13469108900660245, 0.2498059615341434], "NUCLEA": [-0.6579236835500221, 0.2498059623756668], "NTHU": [-0.2968931440112993, 0.2498059346016488], "SOURCE": [0.6976914896302823, 0.24980596902439506], "CUUI": [-0.39133098530107036, 0.24980595492762733], "PKU": [0.07316890909207703, 0.24980596819544945], "RAC": [0.15319089195554272, 0.24980596760995066]}