{"CUUI": [0.16395697051006364, 0.2496471426486285], "SOURCE": [-0.13531413273335385, 0.24964708278450348], "UFC": [0.04211099912154811, 0.2496470384639923], "POST": [0.13552755701849475, 0.24964715380504682], "CAMB": [0.2060661145799527, 0.24964713027074262], "IPN": [-0.662418770333174, 0.24964715383226874], "PKU": [0.016028795275310738, 0.24964714884264422], "UMC": [-0.023302642127617845, 0.24964714702032056], "AMU": [0.4080575708882913, 0.24964714000295052], "data_points": [66804.0, 1.0], "IITB": [-0.0406183304100645, 0.24964711803537304], "RAC": [0.17998871890035634, 0.24964714524740608], "NTHU": [-0.18276905177738742, 0.2496471525854066], "SJTU": [-0.10731381779249004, 0.24964706679101803]}