{"NUCLEA": [-0.6572002760002064, 0.24980584901772665], "data_points": [118938.0, 1.0], "PKU": [0.09563995695676773, 0.24980583996288283], "AMU": [-0.08411247328790224, 0.24980586554148432], "SJTU": [0.3473501551805646, 0.24980586680278152], "POST": [-0.36994042530034804, 0.24980585877780767], "IITB": [0.5947302244314349, 0.24980587191687223], "IPN": [0.25808112106292125, 0.24980585848780668], "CUUI": [-0.3991371269083331, 0.2498058721140715], "NTHU": [-0.2847593133622862, 0.24980584557182162], "RAC": [0.15210728188377778, 0.24980586358284843], "UMC": [-0.14189764574456157, 0.24980585623035936], "UFC": [0.6288506982665385, 0.2498058743377939], "CAMB": [-0.8275522290552813, 0.24980585524346247], "SOURCE": [0.6878400287693441, 0.24980587310310443]}