{"POST": [-0.36063440508490757, 0.24980659170828975], "UFC": [0.6307671251468057, 0.24980659610912648], "NUCLEA": [-0.6415315835948141, 0.24980659853936038], "RAC": [0.1453063543182089, 0.24980658897925775], "CAMB": [-0.8147065427522523, 0.24980658600354413], "UMC": [-0.14279266508827707, 0.24980659549748555], "AMU": [-0.09061102422635293, 0.2498065982977791], "SOURCE": [0.6892862120877581, 0.2498065982224023], "IPN": [0.2524285403708413, 0.24980659314026346], "CUUI": [-0.3921133054928181, 0.24980659825528598], "NTHU": [-0.30617502219438675, 0.24980658139947826], "PKU": [0.10736105978442755, 0.24980660519379624], "data_points": [119393.0, 1.0], "SJTU": [0.3293927822149457, 0.2498065757086036], "IITB": [0.5940224488551875, 0.24980659884357526]}