{"UMC": [-0.10370221387784101, 0.24972540831511383], "data_points": [77281.0, 1.0], "AMU": [-0.01349134508867858, 0.2497254069415896], "POST": [-0.41110216966301283, 0.24972537156786273], "IITB": [0.8502732518923775, 0.24972541403765755], "CUUI": [-0.2863338057155431, 0.2497254038664516], "SJTU": [0.6307010992283246, 0.24972538630869634], "RAC": [0.15028141505623302, 0.24972537269389924], "CAMB": [-0.5523121835719188, 0.24972540835740908], "JMGR": [-0.004990490356456127, 0.249725397639314], "UFC": [-0.018293174643024632, 0.24972540648343422], "NTHU": [-0.14048441011842688, 0.24972540401312074], "NUCLEA": [-0.35989925682939317, 0.24972538935356905], "PKU": [0.18263421301906155, 0.24972538318303572], "src": [-0.002032135505836314, 0.24972540984134417], "IPN": [0.07875121879318424, 0.2497254150592093]}