{"SJTU": [0.658425486747917, 0.24972507174636005], "JMGR": [-0.012201793388349886, 0.2497249899923669], "src": [0.024219927359516173, 0.24972507440177352], "UFC": [0.02347990608209536, 0.249725074345486], "AMU": [-0.0029525338634295256, 0.24972504403250953], "RAC": [0.12348377101018365, 0.2497249639163953], "PKU": [0.18299836512500872, 0.24972505478718265], "IITB": [0.8188569339985889, 0.2497250625523236], "data_points": [77281.0, 1.0], "CAMB": [-0.5818880344065754, 0.249724992024446], "NUCLEA": [-0.3835631198393379, 0.24972506576149037], "NTHU": [-0.13604823393817578, 0.24972508383890984], "CUUI": [-0.2451127290931511, 0.24972508115664319], "UMC": [-0.11719905441075269, 0.2497250402518535], "IPN": [0.09242887169078955, 0.24972506634351968], "POST": [-0.4449277526752587, 0.24972502761255327]}