{"NTHU": [-0.29905284409527816, 0.2498058360241318], "SJTU": [0.35443700852773696, 0.2498058222154205], "RAC": [0.14838243954484853, 0.24980583008359503], "CUUI": [-0.4026183688391651, 0.24980583909641876], "CAMB": [-0.8484506844702101, 0.24980582461211628], "IPN": [0.2672101022384607, 0.24980584660835348], "data_points": [118938.0, 1.0], "UFC": [0.6514386169120634, 0.2498058427357632], "AMU": [-0.12003587946803797, 0.24980583872582166], "NUCLEA": [-0.6298082185773226, 0.24980584544242465], "POST": [-0.36285441597467266, 0.24980584158772418], "SOURCE": [0.6988920144947182, 0.24980582947299562], "PKU": [0.05802870052447012, 0.24980583426178873], "UMC": [-0.11894886672469716, 0.24980582629679787], "IITB": [0.6033803744840729, 0.24980584832421635]}