{"UFC": [0.6312439939196944, 0.24980650680975808], "NUCLEA": [-0.6318388301395447, 0.24980650235079532], "UMC": [-0.13226060105765045, 0.24980650709241076], "data_points": [119393.0, 1.0], "IPN": [0.2672711608935572, 0.24980647325365565], "IITB": [0.5882755982445895, 0.24980650229159362], "POST": [-0.3687715488139355, 0.24980650526475895], "PKU": [0.09132173379943061, 0.24980648831013552], "RAC": [0.14758009623192475, 0.24980649572107538], "NTHU": [-0.3044963257799198, 0.249806492411908], "SJTU": [0.34387292153642074, 0.24980647586725055], "AMU": [-0.068825031930411, 0.24980651188546607], "SOURCE": [0.6712142404210921, 0.24980650892662848], "CUUI": [-0.41844387167082764, 0.24980651108854712], "CAMB": [-0.8161435612874908, 0.24980651133394335]}