{"AMU": [-0.1042953800943962, 0.24980573776502346], "NUCLEA": [-0.6265625246912031, 0.24980573955303131], "PKU": [0.09707807002337158, 0.24980574556258092], "CUUI": [-0.38916602131677047, 0.2498057331936704], "IITB": [0.5913690892147363, 0.24980572705368911], "UMC": [-0.14069886144790122, 0.2498057492992336], "NTHU": [-0.3006166208579477, 0.24980574254637844], "UFC": [0.6187615201354584, 0.2498057489146843], "SJTU": [0.3347387057517097, 0.249805738250643], "IPN": [0.2652882690493567, 0.2498057356229425], "SOURCE": [0.6922789829287617, 0.2498057494386791], "CAMB": [-0.8259865120359072, 0.24980574312761386], "data_points": [118938.0, 1.0], "POST": [-0.37006102976848854, 0.24980574273428968], "RAC": [0.15787229103477843, 0.24980574045099535]}