{"UFC": [0.02033798161995731, 0.24972499218157865], "JMGR": [0.00036623427267843376, 0.24972497405805508], "src": [0.024582603496714112, 0.24972492394373752], "CUUI": [-0.2441856969308836, 0.24972498703551213], "AMU": [0.011461069722786965, 0.24972496871680305], "IITB": [0.804439769354482, 0.24972497786730757], "CAMB": [-0.5584122864388908, 0.24972499375914015], "IPN": [0.08318709807904635, 0.24972496739204753], "data_points": [77281.0, 1.0], "POST": [-0.41942155862341685, 0.24972496209549977], "PKU": [0.18503847981580113, 0.24972493535238255], "SJTU": [0.6423440924076446, 0.24972498208868424], "NUCLEA": [-0.37191313260378506, 0.2497249547419422], "RAC": [0.13216670049392634, 0.24972497653757308], "NTHU": [-0.1754213750104502, 0.2497249688844733], "UMC": [-0.1345699692343219, 0.2497248980509665]}