{"POST": [-0.3504597724177544, 0.2498066600556734], "CUUI": [-0.4058741749875855, 0.24980664021364637], "data_points": [119393.0, 1.0], "NTHU": [-0.3164652191648945, 0.24980664090710772], "SOURCE": [0.687248695725635, 0.24980664675566103], "UFC": [0.6135310990918165, 0.24980665123088122], "UMC": [-0.13142482818856255, 0.2498066564395718], "CAMB": [-0.8465386094134001, 0.2498066567157344], "RAC": [0.1682822290432719, 0.2498066530959176], "AMU": [-0.07589218682982142, 0.24980666253750464], "IITB": [0.5947405361757255, 0.2498066632403259], "NUCLEA": [-0.6172359310958461, 0.24980665187582352], "IPN": [0.24836082877087684, 0.24980666002554794], "SJTU": [0.3284341623564655, 0.2498066502987069], "PKU": [0.10329314647059008, 0.2498066482709461]}