{"SJTU": [0.3302888006608882, 0.24980576169169982], "data_points": [118938.0, 1.0], "SOURCE": [0.6725816372644926, 0.24980573807869405], "CAMB": [-0.813975299535742, 0.2498057752565151], "IPN": [0.25531847331140783, 0.24980577858710157], "IITB": [0.5935291995115423, 0.2498057229318878], "NUCLEA": [-0.6006141883958898, 0.24980577362566148], "PKU": [0.09539585408645529, 0.24980577669057424], "NTHU": [-0.3110704819868771, 0.24980576722030948], "POST": [-0.368736948492967, 0.24980578018008673], "UMC": [-0.14766329598637912, 0.24980576352250455], "AMU": [-0.08134676871943165, 0.24980578325217326], "CUUI": [-0.4168018062884033, 0.24980577899552767], "RAC": [0.1737339284062548, 0.24980578116237195], "UFC": [0.6193608747740932, 0.2498057752331477]}