{"PKU": [0.16673416795728097, 0.2497249196222991], "src": [0.028653875576972868, 0.24972491669628358], "NTHU": [-0.17560507055780436, 0.24972491046019366], "AMU": [-0.007578780540785561, 0.2497249300814417], "RAC": [0.15619655422760445, 0.2497248842853677], "UMC": [-0.14473655943216915, 0.249724925114401], "CAMB": [-0.5299459569460928, 0.24972491393018403], "SJTU": [0.611478458675319, 0.24972489677413948], "NUCLEA": [-0.36266913882248153, 0.24972488149863492], "IITB": [0.8271654382053794, 0.2497249254771379], "CUUI": [-0.2593472636410204, 0.24972491904613353], "UFC": [0.011095500467032678, 0.24972488409510385], "IPN": [0.07745955543723188, 0.249724902388521], "JMGR": [-0.00036821915829152256, 0.2497249108571131], "POST": [-0.3985325505082652, 0.24972490478083545], "data_points": [77281.0, 1.0]}