{"IPN": [-0.2531701020112411, 0.2491596239178405], "refmix1": [1.190297716406611, 0.24915978063875274], "AMU": [0.08000828900699426, 0.24915979778017192], "IITB": [-0.08961436896503884, 0.24915935059494498], "CUUI": [-0.08049597703572792, 0.24915945597732964], "src": [-0.034424499044930286, 0.24915957987007], "PKU": [-0.2197509168135075, 0.24915956829815603], "data_points": [28147.0, 1.0], "UFC": [-0.04251439985450046, 0.24915957214868095], "POST": [-0.10126352538700918, 0.2491597273591679], "SJTU": [-0.12405151546306636, 0.249159762510408], "RAC": [0.024829303317284068, 0.2491595196963742], "UMC": [-0.19492061302538363, 0.24915960507462034], "CAMB": [0.1625651425119396, 0.24915978354439336], "NTHU": [-0.31749387935229895, 0.2491595098659001]}