{"data_points": [28147.0, 1.0], "UFC": [-0.0420242770543866, 0.24916055151079572], "POST": [-0.11089674261294707, 0.24916056765556138], "UMC": [-0.19695617142889674, 0.24916059059991985], "SOURCE": [-0.046067951438187156, 0.24916019099605954], "IPN": [-0.26784757353265154, 0.24916036123989482], "RAC": [0.01267583753849247, 0.2491599499919297], "CAMB": [0.1509363760086139, 0.24916044452725292], "PKU": [-0.23088294180563385, 0.24916038082998163], "NTHU": [-0.29064221400491463, 0.24916030869528544], "SJTU": [-0.09012758603053159, 0.24916041659555785], "AMU": [0.0719139447111511, 0.24916056510843493], "IITB": [-0.08860163904784951, 0.2491599872429739], "refmix1": [1.1887773881502697, 0.24916044588760275], "CUUI": [-0.06025580692804233, 0.24916055758400016]}