{"IPN": [0.2654470173797775, 0.24975205632597972], "PKU": [0.0733150602481562, 0.24975199835531733], "NTHU": [-0.29374703691119575, 0.2497520314845457], "POST": [-0.39135792276109765, 0.2497520556168843], "UMC": [-0.15685769093295604, 0.24975205841734524], "NUCLEA": [-0.6638825333911498, 0.2497520364081976], "UFC": [0.6705486355201891, 0.24975204263326198], "data_points": [92366.0, 1.0], "IITB": [0.6301756991734834, 0.24975204217220445], "SJTU": [0.34803978279691733, 0.2497520095516057], "RAC": [0.1415309080381657, 0.24975205224873123], "AMU": [-0.10674501568341964, 0.24975205694962796], "CUUI": [-0.4088368521203478, 0.24975203574300742], "SOURCE": [0.7110676614515349, 0.2497520573973505], "CAMB": [-0.8186977536145333, 0.24975205231895387]}