{"UMC": [-0.14201884227646014, 0.2498056909376165], "IITB": [0.6159993526677922, 0.24980571431951373], "RAC": [0.12242826026273809, 0.24980574194844696], "AMU": [-0.10477505698587264, 0.24980571412830674], "CAMB": [-0.8131358199989215, 0.24980574123443475], "CUUI": [-0.39445293157980293, 0.24980574160044133], "UFC": [0.6348613097411524, 0.24980574124279242], "PKU": [0.07472994519007312, 0.24980572245252575], "IPN": [0.2556772950486362, 0.2498057403384953], "SOURCE": [0.6913226551181482, 0.2498057345999425], "NUCLEA": [-0.642666029847025, 0.24980574181964454], "data_points": [118938.0, 1.0], "SJTU": [0.35059695997608314, 0.2498057349990591], "NTHU": [-0.2776676468329552, 0.24980572312555896], "POST": [-0.3708994696840596, 0.24980572568104809]}