{"UFC": [0.008324628321459308, 0.24972520747147547], "RAC": [0.11830487195107654, 0.2497251496094302], "NTHU": [-0.17967326238653442, 0.249725172261602], "PKU": [0.16525546982408038, 0.24972521160640845], "AMU": [-0.007393971708889141, 0.24972519222351408], "JMGR": [0.021253966215109235, 0.24972517065933467], "data_points": [77281.0, 1.0], "src": [-0.003693831088671019, 0.24972518405290425], "IPN": [0.08762629789678382, 0.24972514743008545], "SJTU": [0.6397579737955722, 0.24972517710279857], "IITB": [0.8414022582267822, 0.24972518780598982], "UMC": [-0.13235165398004903, 0.24972516488834476], "CUUI": [-0.2083307744341147, 0.2497251984434959], "NUCLEA": [-0.39095179330292357, 0.24972518191473705], "POST": [-0.4168330809072808, 0.24972519524496603], "CAMB": [-0.5426970890745028, 0.24972521516581506]}