{"AMU": [0.03474740231011327, 0.24972505584045773], "POST": [-0.4057408543077611, 0.2497250653721746], "SJTU": [0.6305156121712734, 0.2497250728388093], "IITB": [0.8201458409345208, 0.24972503201569102], "NTHU": [-0.14861724113971905, 0.24972502439864883], "NUCLEA": [-0.38392814947642245, 0.24972506191419036], "CUUI": [-0.2443714581839789, 0.2497250579263645], "JMGR": [0.02643561349750224, 0.2497250250352229], "UFC": [0.010720123672704465, 0.24972505619940472], "src": [-0.005729070037805201, 0.249725033373632], "RAC": [0.13031912543351626, 0.2497250584363884], "PKU": [0.1756096329079194, 0.24972505806993803], "UMC": [-0.1234752860359211, 0.24972501327613172], "CAMB": [-0.5719037737345185, 0.24972507686951168], "data_points": [77281.0, 1.0], "IPN": [0.05527248467505979, 0.24972507047572126]}