{"SJTU": [0.33677655447637295, 0.24980570274323774], "NUCLEA": [-0.6373744160191754, 0.24980569859454288], "IPN": [0.25315306992675674, 0.24980569479333115], "IITB": [0.5900443161992122, 0.24980571441402896], "PKU": [0.10512589200213149, 0.24980571194936574], "CAMB": [-0.8120498568804279, 0.24980569291247204], "POST": [-0.33726126390080813, 0.2498057113632437], "SOURCE": [0.6586447894182518, 0.24980569951544182], "data_points": [118938.0, 1.0], "RAC": [0.15463193797530586, 0.2498057063304975], "UMC": [-0.13240983409345394, 0.2498057017812564], "AMU": [-0.07413672645645346, 0.24980570332199478], "UFC": [0.6222407773061356, 0.2498057036832321], "CUUI": [-0.40886616082279303, 0.2498057056876224], "NTHU": [-0.3185191026377679, 0.24980569950314999]}