{"IITB": [0.5971361650156656, 0.24980652145508114], "RAC": [0.15966436667187753, 0.24980648896218466], "CUUI": [-0.4111385145412575, 0.24980651195159975], "NTHU": [-0.3133565943764424, 0.24980653471552702], "IPN": [0.2474015144869228, 0.24980653063650324], "POST": [-0.3558447886746055, 0.24980652836932415], "AMU": [-0.09563852947811556, 0.24980652977180398], "NUCLEA": [-0.6073010193151246, 0.24980653309915485], "PKU": [0.10676313480659193, 0.2498065315505963], "data_points": [119393.0, 1.0], "SOURCE": [0.6716951744847445, 0.24980652222994873], "UMC": [-0.15787568709334238, 0.24980652998445366], "UFC": [0.6362670814630497, 0.24980653012497778], "SJTU": [0.3316647526570061, 0.2498065161215529], "CAMB": [-0.8094370760261912, 0.249806533988192]}