{"AMU": [-0.06224003933120753, 0.24980571808175128], "SJTU": [0.29580773500383106, 0.24980571931052753], "NTHU": [-0.32464375445538474, 0.2498057130124725], "PKU": [0.15234692984171658, 0.24980570366805], "POST": [-0.2912471332033487, 0.24980571992472678], "IPN": [0.22107660411697608, 0.24980570776222366], "CAMB": [-0.7960692437278395, 0.24980571618260786], "SOURCE": [0.6277611485263975, 0.24980571696172085], "CUUI": [-0.42772762265249076, 0.24980571663632437], "UMC": [-0.16136411953290533, 0.2498057101563652], "RAC": [0.2208305188756862, 0.2498057049857144], "UFC": [0.5625272222303953, 0.24980571733030565], "IITB": [0.5359764016709283, 0.24980570147640968], "data_points": [118938.0, 1.0], "NUCLEA": [-0.5530346733907733, 0.24980569079401166]}