{"CAMB": [-0.5247668278898081, 0.24972506001313277], "UFC": [-0.026989615798833255, 0.24972507502627247], "AMU": [0.016264680418826553, 0.24972504369244747], "JMGR": [0.03955531338309534, 0.24972506012512993], "SJTU": [0.6048219412498206, 0.24972504094451367], "RAC": [0.19168691494364737, 0.24972506895315663], "src": [-0.014416648682096932, 0.24972507762587964], "NTHU": [-0.18688298954810428, 0.2497250827585796], "CUUI": [-0.24843662652301066, 0.24972507944092548], "IPN": [0.01700982904909707, 0.2497250792515225], "data_points": [77281.0, 1.0], "IITB": [0.7512038417257382, 0.24972505864855774], "NUCLEA": [-0.3079526401401783, 0.24972505689918326], "POST": [-0.36895539978163117, 0.2497250822729818], "UMC": [-0.1316126321253591, 0.2497250698249955], "PKU": [0.18947087167077667, 0.24972501672060465]}