{"NUCLEA": [-0.28559050519617907, 0.24972530882119315], "data_points": [77281.0, 1.0], "NTHU": [-0.17653316163842275, 0.24972532786012983], "UMC": [-0.16266765258671204, 0.24972529850584996], "POST": [-0.4072154865594678, 0.24972531890931207], "PKU": [0.23605828273018023, 0.24972532606550918], "JMGR": [0.049535374620072375, 0.2497253059508898], "CUUI": [-0.26063858693602504, 0.24972532340797723], "src": [-0.0005530635393308342, 0.2497252574355366], "AMU": [0.04158489438034315, 0.24972529052425466], "CAMB": [-0.5075783294532605, 0.24972531853569785], "UFC": [-0.021806315924182737, 0.24972528872122216], "SJTU": [0.5765400230333594, 0.24972529458397538], "IPN": [0.011835600781926567, 0.24972531912199558], "IITB": [0.7408508204439825, 0.24972530894816622], "RAC": [0.16617811086921538, 0.24972527705622943]}