{"AMU": [-0.03232103175393878, 0.24980578247089832], "POST": [-0.2919661509236841, 0.24980578440728912], "PKU": [0.19968637333902498, 0.249805791012389], "SOURCE": [0.609614055417956, 0.24980577967522025], "RAC": [0.21890770073088867, 0.24980577203782947], "NTHU": [-0.3492715510045009, 0.249805788018581], "SJTU": [0.2655276626109146, 0.24980577904882365], "IITB": [0.5035357258235669, 0.24980578399136555], "UFC": [0.5561565134532234, 0.24980575779943445], "CAMB": [-0.7810470576567523, 0.24980579165410874], "UMC": [-0.15715672092766264, 0.24980578853939087], "data_points": [118938.0, 1.0], "IPN": [0.19848749518021422, 0.2498057789612748], "CUUI": [-0.4146315050138584, 0.24980578963724093], "NUCLEA": [-0.5255215309659087, 0.24980578773817397]}