{"SOURCE": [0.6092101451642937, 0.2498065933190397], "NTHU": [-0.3372886400544517, 0.2498065644513302], "RAC": [0.2156819917219782, 0.24980658353756655], "IITB": [0.5064037040801654, 0.24980658492417931], "SJTU": [0.2762467410312375, 0.24980659189773843], "data_points": [119393.0, 1.0], "CUUI": [-0.4006049150248417, 0.24980658987439103], "UFC": [0.554875819661075, 0.24980658504122863], "PKU": [0.2017965042488463, 0.24980657782534363], "NUCLEA": [-0.5144229985541348, 0.2498065866182477], "CAMB": [-0.767539137199558, 0.24980659382205755], "UMC": [-0.1699642305232795, 0.24980658242994938], "IPN": [0.16289959664675316, 0.24980658502673045], "AMU": [-0.05661661496242354, 0.2498065942457371], "POST": [-0.2806779884460502, 0.24980659781825618]}