{"data_points": [119393.0, 1.0], "NUCLEA": [-0.44620080688958025, 0.24980656289218348], "PKU": [0.2750423519484634, 0.2498065501422978], "IPN": [0.12004843482018149, 0.24980654911134778], "POST": [-0.24249440154635915, 0.24980656267063447], "SJTU": [0.22130738865185898, 0.24980655279702144], "UFC": [0.48581289508484665, 0.2498065482068735], "CAMB": [-0.6938110061991811, 0.24980653378087958], "SOURCE": [0.5396675356644249, 0.24980655869207888], "CUUI": [-0.39892269473738984, 0.24980654698090365], "RAC": [0.23195936958793928, 0.2498065585642375], "NTHU": [-0.3459040092086404, 0.249806558168951], "IITB": [0.44811324770608413, 0.24980655374601954], "UMC": [-0.1855196421422275, 0.2498065555476967], "AMU": [-0.00909868755678859, 0.24980654550819645]}