{"NTHU": [-0.3215171902225296, 0.24980595046231102], "IPN": [0.13817106663919973, 0.2498059430393745], "UFC": [0.5100173343423107, 0.2498058983222372], "AMU": [-0.009013364189774211, 0.24980593991974992], "IITB": [0.44958691275033436, 0.24980594135792852], "POST": [-0.23970142863680485, 0.2498059254865452], "CAMB": [-0.6956239629374131, 0.2498059486758779], "PKU": [0.2601182543399244, 0.24980595037198466], "SOURCE": [0.5201088127314486, 0.24980594207218115], "CUUI": [-0.41174472710120613, 0.24980594765247], "NUCLEA": [-0.466889885180386, 0.24980594155396835], "RAC": [0.2370504411330318, 0.24980594135108783], "UMC": [-0.1906734214708131, 0.24980592939906252], "SJTU": [0.22011113805742807, 0.24980593137001653], "data_points": [118938.0, 1.0]}