{"src": [-0.042328528140809105, 0.24972527571873254], "PKU": [0.25619678542612995, 0.24972531398436967], "data_points": [77281.0, 1.0], "RAC": [0.16802888651784165, 0.2497253111929225], "AMU": [0.04011192838921515, 0.24972529829139528], "NTHU": [-0.20074262062480658, 0.2497253135696661], "POST": [-0.3595266128732493, 0.24972528292931462], "JMGR": [0.03752709784418911, 0.2497253003867495], "CAMB": [-0.508313036867538, 0.24972530780841115], "NUCLEA": [-0.22311342392402278, 0.24972528779879571], "CUUI": [-0.2351270158125679, 0.24972528946603792], "UFC": [-0.021439983322972252, 0.24972528456284473], "IPN": [0.008504829654399363, 0.24972530117887787], "IITB": [0.7077565496756845, 0.24972528217773293], "UMC": [-0.1480626839928525, 0.24972521614660345], "SJTU": [0.5205278481661476, 0.24972524588119313]}