{"SOURCE": [0.6565952176603785, 0.249805769861072], "AMU": [-0.07305745982096773, 0.2498057627022606], "NTHU": [-0.3072248417239483, 0.24980576244974484], "SJTU": [0.3214001039236684, 0.2498057714011381], "RAC": [0.19175956534567554, 0.24980574847221643], "PKU": [0.13144277638182902, 0.2498057685483889], "data_points": [118938.0, 1.0], "UFC": [0.5910030705904309, 0.24980576054326978], "POST": [-0.34579083674361377, 0.24980576548666877], "IPN": [0.223478628692349, 0.2498057234572037], "CUUI": [-0.40934905470023597, 0.24980577021785327], "CAMB": [-0.808925131442564, 0.2498057546327755], "UMC": [-0.15127121408713615, 0.24980575253287562], "IITB": [0.567213409345096, 0.24980577357387998], "NUCLEA": [-0.5872742599610637, 0.2498057658477857]}