{"NUCLEA": [-0.5700795996583716, 0.24980655088672035], "SOURCE": [0.6444031932908716, 0.24980654607377226], "IITB": [0.5670894335398978, 0.2498065427031159], "CUUI": [-0.4341189506812903, 0.24980653639091877], "IPN": [0.22514004693577944, 0.24980654208672826], "PKU": [0.1617011675393151, 0.24980654571345884], "UMC": [-0.14889877914396946, 0.24980650135807647], "AMU": [-0.07505273851023199, 0.24980654434578278], "UFC": [0.5970093352642608, 0.24980654641599195], "data_points": [119393.0, 1.0], "SJTU": [0.3047344581425204, 0.24980654159269364], "NTHU": [-0.3219711069218469, 0.24980655262972334], "POST": [-0.339089438935061, 0.24980654982814654], "RAC": [0.20550904201065337, 0.2498065332389763], "CAMB": [-0.8163760851200661, 0.24980655450402675]}