{"IPN": [0.03660415352484696, 0.249725200557458], "RAC": [0.14899420698704352, 0.2497252451245946], "NTHU": [-0.14861842459112698, 0.24972522940901032], "AMU": [0.027540704913337807, 0.2497252419812159], "SJTU": [0.6140663640950479, 0.24972525746195376], "src": [-0.019409107955697644, 0.24972524637651328], "JMGR": [0.01238365657106541, 0.24972524581050176], "IITB": [0.812199189023683, 0.24972526353801294], "CUUI": [-0.26211729086580093, 0.24972525232918094], "NUCLEA": [-0.32385267209575863, 0.24972523845249894], "data_points": [77281.0, 1.0], "PKU": [0.20111495236808255, 0.2497252209106129], "POST": [-0.4062938241762622, 0.24972523569703203], "UMC": [-0.14621590826982442, 0.24972520605634213], "UFC": [-0.004067133032075043, 0.24972523727659693], "CAMB": [-0.542328862538978, 0.2497252511043473]}