{"PKU": [-0.049854724854378564, 0.24978539066896474], "SJTU": [-0.14019026030918327, 0.2497853672829238], "AMU": [0.07280229373508636, 0.24978538949656695], "SOURCE": [-0.22536403951417738, 0.2497853816925131], "CAMB": [0.20903063078109832, 0.2497853882090485], "RAC": [-0.06066494942402867, 0.2497853644954634], "NTHU": [0.017541708797845466, 0.24978537306896165], "data_points": [118938.0, 1.0], "POST": [0.07147974217488816, 0.24978537820811214], "UMC": [-0.051413512417355076, 0.2497853874737832], "UFC": [-0.2029022848530058, 0.24978538236263473], "IITB": [-0.2078275589446094, 0.24978538420926663], "CUUI": [0.13034508418644364, 0.24978538472122339], "IPN": [-0.23377447707192558, 0.24978539041556624], "NUCLEA": [0.6707923631919999, 0.24978538653765503]}