{"UMC": [-0.027679129040243583, 0.2497241726947602], "NUCLEA": [0.6671488964338347, 0.24972417772603894], "IITB": [-0.2172875438268323, 0.24972419548619285], "AMU": [0.07454629556922857, 0.24972416060446093], "data_points": [92366.0, 1.0], "PKU": [-0.05907832945884546, 0.24972415127460387], "CAMB": [0.2050759884180959, 0.24972418144728456], "RAC": [-0.023816483262152126, 0.24972417059161645], "UFC": [-0.2254869003532634, 0.24972417586845896], "POST": [0.043769204339492634, 0.24972419127536152], "CUUI": [0.16269864803285644, 0.24972418672297936], "SOURCE": [-0.24929911874474212, 0.24972418615873124], "IPN": [-0.24512329426137605, 0.2497241260016822], "NTHU": [0.03279146043898845, 0.2497241846179688], "SJTU": [-0.13825967035809167, 0.24972418272511251]}