{"IITB": [-0.32049052892456803, 0.24969952994063035], "PKU": [-0.04306251988946109, 0.24969946939393717], "CAMB": [0.2534010813344093, 0.24969952329407402], "CUUI": [0.14435529795194327, 0.24969954958627427], "IPN": [-0.3149472056768505, 0.24969954975603392], "src": [-0.3245538291732528, 0.2496995405034123], "POST": [0.04584364863863165, 0.24969955700441626], "data_points": [77281.0, 1.0], "AMU": [0.08927658460564356, 0.24969956720142733], "UMC": [-0.08335541104950486, 0.2496995295147891], "NTHU": [0.03715322038958353, 0.24969950855978104], "UFC": [-0.27631799577749844, 0.24969956960016332], "RAC": [-0.06635021731858842, 0.24969956109886], "JMGR": [0.3491424598281066, 0.2496995506721752], "NUCLEA": [0.7313267520811454, 0.24969953798824668], "SJTU": [-0.22142129613969957, 0.2496995610287482]}