{"UMC": [-0.19553360128801206, 0.24975449191860688], "UFC": [0.7709534864652837, 0.24975449519705073], "POST": [-0.3777508888755078, 0.24975448470788728], "SOURCE": [0.833587648366899, 0.2497544965457849], "SJTU": [0.41564933632820694, 0.24975447996597433], "NUCLEA": [-0.8241477357597152, 0.2497545095592289], "data_points": [92366.0, 1.0], "CAMB": [-0.9871616093919904, 0.2497545132560697], "PKU": [0.027372396839069477, 0.24975448975193512], "AMU": [-0.1789825373382364, 0.249754484452368], "RAC": [0.1382865906937734, 0.24975447938135187], "IPN": [0.3305716027414697, 0.24975450506443858], "CUUI": [-0.3706404583556711, 0.2497545087013531], "NTHU": [-0.2838610502956209, 0.24975449932519106], "IITB": [0.7016567824853981, 0.24975449732587057]}