{"AMU": [0.06265322088773011, 0.24975671706408517], "IITB": [-0.24438539738000525, 0.24975673038236684], "IPN": [-0.37415206650099625, 0.249756722152587], "PKU": [-0.027526931386516216, 0.24975663450241348], "POST": [-0.08939742098664924, 0.24975672426203221], "UFC": [-0.20958264881443395, 0.24975673464349388], "RAC": [-0.06557667576526867, 0.24975670330427333], "CAMB": [0.15653986168392903, 0.24975671103786753], "NUCLEA": [1.2691999308206874, 0.24975673837859733], "CUUI": [0.11338642137464928, 0.2497567215572852], "SJTU": [-0.15420700826075243, 0.2497567207553978], "data_points": [92366.0, 1.0], "SOURCE": [-0.21221511822615585, 0.24975668595370495], "UMC": [-0.1347205479750205, 0.24975673127456818], "NTHU": [-0.09001555467684003, 0.24975672831806553]}