{"SJTU": [0.3313351073371888, 0.24975205049601334], "POST": [-0.3528440190274999, 0.24975203671737273], "PKU": [0.13534459435820348, 0.24975203771465376], "NTHU": [-0.30581606858355703, 0.24975204016048458], "IITB": [0.6173341049320539, 0.2497520429589289], "UMC": [-0.16458730758057355, 0.2497520298253562], "RAC": [0.1376664930409541, 0.24975203839324495], "CAMB": [-0.8035390195664657, 0.2497520510490985], "CUUI": [-0.4371367326291329, 0.24975203837752583], "UFC": [0.6375982778320882, 0.24975203831765794], "SOURCE": [0.6951315134788812, 0.24975204864026523], "AMU": [-0.10550039493352079, 0.24975202324271012], "IPN": [0.25012611097490123, 0.24975203849018884], "NUCLEA": [-0.6351126963126804, 0.24975204385233035], "data_points": [92366.0, 1.0]}