{"IITB": [0.5955783580540144, 0.24980662080455254], "data_points": [119393.0, 1.0], "SOURCE": [0.695872189222894, 0.24980660861021564], "CUUI": [-0.40359906515045, 0.2498066057807378], "RAC": [0.11717626552852767, 0.24980662617536503], "UFC": [0.6403395879019982, 0.24980661526504563], "CAMB": [-0.8369647666211762, 0.24980661716405408], "NUCLEA": [-0.6496709570651766, 0.24980661705393045], "AMU": [-0.09336207836850707, 0.24980661150181577], "UMC": [-0.12017350137579831, 0.2498066136644541], "NTHU": [-0.27948684354903347, 0.24980661164046178], "PKU": [0.09024548661446036, 0.24980661054253434], "SJTU": [0.3402837164193792, 0.24980661846587665], "POST": [-0.36243176202780886, 0.24980660706460162], "IPN": [0.26619334705764214, 0.24980662126639813]}