{"UMC": [-0.13565257480632706, 0.2498057942387393], "data_points": [118938.0, 1.0], "NTHU": [-0.2983336177348698, 0.24980578423344946], "UFC": [0.6406250588605245, 0.24980578170272938], "RAC": [0.13612678506149095, 0.24980578405905973], "CUUI": [-0.39541181505897594, 0.249805783408787], "AMU": [-0.1242378553346737, 0.2498057631112069], "SJTU": [0.3528776860655378, 0.24980578391283673], "IITB": [0.6312550393288267, 0.2498057861720681], "NUCLEA": [-0.619839605393771, 0.24980578657966385], "IPN": [0.25988468873572257, 0.24980578756289365], "POST": [-0.3739072253529415, 0.24980578406599976], "CAMB": [-0.8554203985747796, 0.24980579367689704], "PKU": [0.08458284347803167, 0.24980577871114165], "SOURCE": [0.6974509681028784, 0.24980579246568066]}