{"UFC": [-0.00018580466895651732, 0.2497252383435509], "IPN": [0.0957530736055402, 0.2497252337968567], "AMU": [-0.004621685769141935, 0.2497252234591715], "JMGR": [0.0025854629899248758, 0.24972520429284406], "NTHU": [-0.12348166098516021, 0.24972522527326338], "data_points": [77281.0, 1.0], "UMC": [-0.10018736679015385, 0.2497252077174654], "POST": [-0.4554593745783395, 0.24972524678963762], "IITB": [0.8151585382664953, 0.2497252175037822], "SJTU": [0.6497433280687877, 0.2497252464648191], "NUCLEA": [-0.3754245450568805, 0.24972521272404472], "CUUI": [-0.24935757230875458, 0.24972518680683234], "PKU": [0.14824565838438547, 0.2497252470819166], "RAC": [0.1253298683618413, 0.2497252378619625], "src": [0.0031472444215921965, 0.24972512176092565], "CAMB": [-0.5312451405648231, 0.24972520362055908]}