{"SOURCE": [-0.06773535167845268, 0.24972024574236346], "CUUI": [-0.08521079818909356, 0.24972028265723387], "POST": [-0.014691810311672463, 0.24972026733973043], "IPN": [-0.10887158166391489, 0.24972023020556028], "IITB": [-0.06077659803060424, 0.2497202580011758], "AMU": [0.17892755218950612, 0.24972026665108396], "UMC": [-0.06742700036095774, 0.24972026808239026], "UFC": [-0.07113826820486763, 0.24972025778235], "CAMB": [0.015001289767987555, 0.24972028586937212], "RAC": [0.11598760234229326, 0.24972025331665731], "SJTU": [-0.1594403901192281, 0.24972027988344614], "PKU": [0.26939301200067034, 0.2497202690358977], "NUCLEA": [0.11505871984070257, 0.24972028251418407], "NTHU": [-0.059076366621243284, 0.24972024354592257], "data_points": [92366.0, 1.0]}