{"UMC": [0.13845009693916632, 0.24975203228587511], "SJTU": [-0.3791323148178708, 0.24975202895401183], "NTHU": [0.2425524122777246, 0.24975200716338425], "RAC": [-0.09311622665537182, 0.24975202151247528], "AMU": [0.15763037902186985, 0.24975201258729504], "NUCLEA": [0.6680601470239039, 0.24975201734968833], "POST": [0.42135984150448336, 0.24975201480344802], "UFC": [-0.6858562358834437, 0.2497520261044867], "data_points": [92366.0, 1.0], "IITB": [-0.6391460310391103, 0.24975203077992802], "PKU": [-0.014539420193287063, 0.24975202112109227], "IPN": [-0.30967781645980696, 0.2497520256614864], "SOURCE": [-0.7260726718842982, 0.24975203281429084], "CAMB": [0.8185426083838843, 0.2497520308412667], "CUUI": [0.4009452643640699, 0.24975202345391903]}