{"UMC": [-0.1259224782852654, 0.24980583636857684], "NUCLEA": [-0.6397825719550823, 0.24980582094199363], "data_points": [118938.0, 1.0], "IITB": [0.6190009596090256, 0.2498058133371901], "UFC": [0.6355816705975363, 0.2498058334710885], "CAMB": [-0.8591478586861487, 0.24980584255804406], "CUUI": [-0.405264455486195, 0.24980583891454858], "SJTU": [0.35840422414901774, 0.24980583156214428], "RAC": [0.14994478606950135, 0.24980583940841403], "NTHU": [-0.29016458231441716, 0.2498058287863686], "PKU": [0.0729301810912273, 0.24980584542207485], "IPN": [0.2673337521583507, 0.24980584526651556], "AMU": [-0.08506992973107468, 0.24980583277453378], "POST": [-0.39096902372610104, 0.24980583421746522], "SOURCE": [0.6931253027379408, 0.24980584030438233]}