{"POST": [-0.43568293947223374, 0.24972531091965477], "CAMB": [-0.5447354817231703, 0.24972530839575063], "SJTU": [0.6395771818664735, 0.24972526588978738], "UMC": [-0.12107710419341224, 0.2497253259357233], "AMU": [0.011461158079990654, 0.24972529969037538], "PKU": [0.17338670607426082, 0.24972531985087823], "IPN": [0.09464861511343162, 0.24972526475909673], "NTHU": [-0.12422055816226232, 0.24972527945089779], "data_points": [77281.0, 1.0], "UFC": [-0.002767913713452372, 0.24972530823959], "JMGR": [-0.005917201390894652, 0.24972532535179243], "RAC": [0.1040715619940991, 0.24972532713908485], "src": [0.010354892793211536, 0.24972531779487475], "IITB": [0.8395550748269012, 0.24972529650256267], "CUUI": [-0.23771841835757013, 0.2497253070526857], "NUCLEA": [-0.4009355638560926, 0.2497252612602308]}