{"NUCLEA": [-0.6473956883196854, 0.2498065481296675], "RAC": [0.13178051086216608, 0.24980654274199388], "IITB": [0.6241832049459562, 0.249806539611964], "SJTU": [0.35093668353655294, 0.24980653543729994], "PKU": [0.0686975587774792, 0.2498065343381741], "SOURCE": [0.7024531908541312, 0.24980654946001618], "POST": [-0.3728439263962854, 0.2498065315510531], "data_points": [119393.0, 1.0], "UFC": [0.634717849712365, 0.2498065413145565], "UMC": [-0.12735345074560367, 0.24980654066983435], "CAMB": [-0.8357693341857337, 0.24980654832924587], "NTHU": [-0.28630445447498326, 0.24980654690379567], "AMU": [-0.1122752685376145, 0.24980649793899412], "IPN": [0.274570643020746, 0.24980654920460135], "CUUI": [-0.4053975418120534, 0.24980651807888524]}