{"POST": [-0.36826441425004985, 0.24980573547750187], "PKU": [0.08290063513028649, 0.24980575617268763], "IITB": [0.6184003812979205, 0.2498057488957781], "NUCLEA": [-0.6478317275486944, 0.24980575839083977], "RAC": [0.16532589858309835, 0.24980574862315758], "SJTU": [0.34579102059254013, 0.24980575251569154], "CAMB": [-0.8411273966770723, 0.24980575446774334], "IPN": [0.2591623127368684, 0.2498057611446742], "UMC": [-0.14742484982433737, 0.2498057306817992], "CUUI": [-0.40310422601244583, 0.2498057581062869], "NTHU": [-0.3000151428997382, 0.24980575473627412], "SOURCE": [0.6992526473043403, 0.24980573748267393], "UFC": [0.6336596738308842, 0.2498057445883719], "data_points": [118938.0, 1.0], "AMU": [-0.09672483426718148, 0.24980574630531913]}