{"JMGR": [-0.01755775354227329, 0.2497254120753053], "PKU": [0.1711699503150254, 0.24972538308797418], "UFC": [-0.007576889380258216, 0.2497254105323634], "POST": [-0.44141390561795596, 0.24972541808239768], "data_points": [77281.0, 1.0], "UMC": [-0.11238934331037753, 0.24972542714718943], "RAC": [0.1160879004488183, 0.24972541802499174], "CAMB": [-0.5489838357680892, 0.24972539367161187], "src": [-0.004804569143572368, 0.24972541609375434], "IPN": [0.09575062584073915, 0.24972534782923103], "IITB": [0.8316093839168296, 0.24972540603750645], "NUCLEA": [-0.3606362056723412, 0.24972541575335516], "AMU": [0.023661865782149863, 0.24972540657374076], "CUUI": [-0.2571276286207601, 0.24972539518152162], "NTHU": [-0.15102065146627294, 0.2497253905470273], "SJTU": [0.6632310676339584, 0.24972542631683609]}