{"RAC": [0.14554390583220242, 0.2498064502696112], "PKU": [0.0829429845137338, 0.2498064581907954], "AMU": [-0.10641151693488393, 0.24980644720628667], "data_points": [119393.0, 1.0], "NTHU": [-0.30198559770232725, 0.249806456631781], "UMC": [-0.12843166516680693, 0.2498064280984796], "IPN": [0.2842641141463309, 0.24980645320255151], "POST": [-0.3726015022784077, 0.249806440586973], "CUUI": [-0.42310868878943775, 0.24980645757893127], "IITB": [0.6126927735122731, 0.24980645381205882], "CAMB": [-0.8111136790243473, 0.24980645109606392], "SOURCE": [0.6884495400384086, 0.2498064568785281], "UFC": [0.61054017073913, 0.24980646179397006], "SJTU": [0.3551241345614779, 0.24980646373228038], "NUCLEA": [-0.635904997112881, 0.24980646488133373]}