{"NTHU": [0.17170833361472854, 0.2497548073244917], "CAMB": [0.9204940896555848, 0.2497548237138798], "IITB": [-0.6756658737104737, 0.24975481625287957], "data_points": [92366.0, 1.0], "PKU": [0.045950235396118144, 0.2497547937265658], "CUUI": [0.301183297760709, 0.249754805163503], "UFC": [-0.7194380678415304, 0.2497548113011023], "UMC": [0.15763163136367866, 0.24975480841671746], "RAC": [-0.07548472610384772, 0.24975479777041154], "POST": [0.40018137031243867, 0.24975481902039057], "SOURCE": [-0.7658404315779295, 0.2497548306207575], "NUCLEA": [0.853840046432075, 0.24975482297375198], "IPN": [-0.36645436946026205, 0.24975478778188995], "SJTU": [-0.4212104445113508, 0.2497548324707106], "AMU": [0.17310495046926214, 0.2497547837502523]}