{"AMU": [-0.06080892079659969, 0.2498066895252978], "NUCLEA": [-0.5788136176737445, 0.24980668755647165], "SJTU": [0.2970727588409043, 0.24980668681812046], "POST": [-0.3267614314883663, 0.2498066825155563], "PKU": [0.16601178284863274, 0.24980668047861115], "IITB": [0.5436283785852132, 0.24980667846961485], "SOURCE": [0.6392552149163542, 0.2498066732918194], "UMC": [-0.15488314426909833, 0.24980669723894408], "IPN": [0.2037148065946869, 0.24980668119197255], "data_points": [119393.0, 1.0], "UFC": [0.5907852829893676, 0.24980666793798773], "NTHU": [-0.33214381398812354, 0.24980669202580247], "CAMB": [-0.7742466547110788, 0.24980668985392784], "RAC": [0.1965325398093599, 0.24980669586526744], "CUUI": [-0.4093432042408186, 0.24980669078414683]}