{"RAC": [0.1807830184335692, 0.24972526911628096], "POST": [-0.4151619358208968, 0.24972527802844674], "SJTU": [0.6013089640127496, 0.24972528720667117], "AMU": [0.023844095581406995, 0.24972525370451182], "NUCLEA": [-0.3079582095426996, 0.24972526520630173], "NTHU": [-0.16340498151237498, 0.24972523147731282], "UMC": [-0.14233374488859818, 0.2497252385724005], "CUUI": [-0.25435340584830995, 0.2497252653872485], "IITB": [0.805357327400481, 0.2497252643192262], "IPN": [0.025142978930147178, 0.2497252803076285], "CAMB": [-0.5277283862994933, 0.24972525714563473], "JMGR": [-0.003142556959425651, 0.24972528463989682], "data_points": [77281.0, 1.0], "src": [-0.034192235392369034, 0.24972525676802793], "UFC": [0.011092623168978752, 0.2497252821770471], "PKU": [0.20074645924620013, 0.24972524872281593]}