{"data_points": [118938.0, 1.0], "UMC": [-0.15343059755464641, 0.24980598812922547], "CAMB": [-0.8198550833624391, 0.24980602578352495], "IITB": [0.5458305159483064, 0.24980603237411272], "CUUI": [-0.4324143827833193, 0.24980602673940785], "RAC": [0.19295609426297258, 0.24980600489921106], "POST": [-0.31719560927267487, 0.24980602937337934], "NUCLEA": [-0.5401828889597085, 0.24980602481020514], "AMU": [-0.058635317140888266, 0.2498060102220052], "PKU": [0.16844636569594423, 0.24980602305451632], "IPN": [0.20677806751404323, 0.24980602092476537], "SOURCE": [0.6342484627539638, 0.2498060155669601], "SJTU": [0.3152681221257465, 0.249806026538264], "UFC": [0.5804277036650595, 0.24980602866936152], "NTHU": [-0.32224147570346523, 0.24980602324379245]}