{"RAC": [0.20060078877861987, 0.2498066522196282], "POST": [-0.3289192023866622, 0.24980665464843474], "CUUI": [-0.4387892094970444, 0.24980663432412684], "IPN": [0.22478226954403552, 0.24980665368439803], "CAMB": [-0.7874171192427293, 0.24980665265391774], "data_points": [119393.0, 1.0], "SOURCE": [0.6719284252527192, 0.24980664355644253], "PKU": [0.13609101807443996, 0.24980665516176356], "NTHU": [-0.3298686474572831, 0.24980664794435337], "AMU": [-0.07935694271780568, 0.24980665053373782], "SJTU": [0.321610280226945, 0.24980661609553012], "NUCLEA": [-0.585757670682664, 0.24980664014528792], "IITB": [0.5597879072659346, 0.24980665412909622], "UFC": [0.594618607481218, 0.2498066251149089], "UMC": [-0.15931052648260605, 0.24980659544202266]}