{"CUUI": [-0.24215510333990126, 0.2497250235803137], "UFC": [-0.02088437960810316, 0.2497250228312525], "UMC": [-0.11793517550273419, 0.24972500452073762], "src": [-0.033452770007487476, 0.2497250128015986], "data_points": [77281.0, 1.0], "IITB": [0.785952100244807, 0.24972505406645443], "RAC": [0.16137520309249287, 0.24972503797155746], "NUCLEA": [-0.32440729741511953, 0.24972505865005742], "IPN": [0.04769598106282578, 0.24972503896901832], "NTHU": [-0.17967538271674421, 0.24972506652575582], "PKU": [0.18650875547862047, 0.24972505710511833], "CAMB": [-0.5218121941179698, 0.24972504556648195], "AMU": [0.02994575977137075, 0.24972504581213836], "POST": [-0.41811823920496743, 0.24972504138162496], "SJTU": [0.6229349856305093, 0.24972502414803602], "JMGR": [0.024027766461721195, 0.24972499360966377]}