{"CAMB": [-0.7988333554542919, 0.24980586541029398], "data_points": [118938.0, 1.0], "SJTU": [0.3084237143634116, 0.24980587742301272], "IPN": [0.2431846088257725, 0.2498058786055511], "RAC": [0.18742956255303295, 0.2498058780059997], "NTHU": [-0.32296231322572067, 0.24980586474231786], "CUUI": [-0.4223244553794481, 0.24980587694445724], "PKU": [0.1515042238669164, 0.24980586200318095], "POST": [-0.34903464139541984, 0.24980587196046547], "NUCLEA": [-0.5690174655638213, 0.2498058768589439], "UFC": [0.5971290068485968, 0.24980587435840468], "SOURCE": [0.6521535411560981, 0.2498058774304426], "IITB": [0.5564035964043418, 0.24980587151961484], "UMC": [-0.16328518757467128, 0.2498058695638348], "AMU": [-0.0707708577797707, 0.24980588365697834]}