{"RAC": [0.15751213202463984, 0.2498057350972015], "CUUI": [-0.38916733221461486, 0.2498057450133991], "CAMB": [-0.8274331163951137, 0.249805746793658], "NTHU": [-0.2869210751420947, 0.24980575233102492], "IITB": [0.6173192529809812, 0.24980574483762494], "POST": [-0.3867623217133076, 0.24980575214632747], "SJTU": [0.35095499092538784, 0.24980574235408884], "UFC": [0.6481980126159127, 0.2498057445647245], "SOURCE": [0.6853201939303567, 0.24980569585276863], "PKU": [0.06800112767961325, 0.2498057450174469], "data_points": [118938.0, 1.0], "IPN": [0.2489501449333461, 0.24980574036352501], "UMC": [-0.1541532399514282, 0.24980574126141616], "AMU": [-0.07413554589863454, 0.24980575048859488], "NUCLEA": [-0.657683247221893, 0.2498057233955668]}