{"IPN": [0.2626032876495944, 0.24980664506040254], "AMU": [-0.11275193637155469, 0.2498066466346987], "CUUI": [-0.39773740868467694, 0.24980662531002007], "data_points": [119393.0, 1.0], "POST": [-0.36961202609342947, 0.24980663772734016], "CAMB": [-0.8428287114389873, 0.2498066472129895], "NTHU": [-0.3204142608880764, 0.24980664020714394], "PKU": [0.09478972698723016, 0.2498066560040506], "UFC": [0.6357954105474821, 0.24980663896730515], "UMC": [-0.1393218069801934, 0.2498066540984275], "NUCLEA": [-0.6312407895240036, 0.24980665094248747], "SJTU": [0.35835214085709827, 0.24980663697841193], "SOURCE": [0.7078381679458319, 0.2498066466125768], "IITB": [0.6193971257129943, 0.24980665288825749], "RAC": [0.13513106112527232, 0.24980664497288566]}