{"SJTU": [0.6508492703674311, 0.2497253679175168], "CAMB": [-0.6090549842350842, 0.24972536847704987], "AMU": [0.018666918971243184, 0.24972538564107588], "PKU": [0.16506989618240714, 0.24972534923289683], "POST": [-0.414061901558625, 0.24972537780955717], "IPN": [0.08429379917206097, 0.24972538130185606], "UFC": [-0.0027713137335969983, 0.24972536893408867], "src": [0.0005607697890086213, 0.2497252944230412], "CUUI": [-0.23161877787348176, 0.24972539506234362], "data_points": [77281.0, 1.0], "NUCLEA": [-0.3641472548285707, 0.2497253884240538], "UMC": [-0.11220341272487076, 0.2497253517932541], "RAC": [0.12976509048019347, 0.2497253882678956], "NTHU": [-0.14677338770127543, 0.2497253889693087], "IITB": [0.8310566012582377, 0.2497253859404461], "JMGR": [0.0003687003141537733, 0.24972534123149828]}