{"NUCLEA": [0.673008521872591, 0.2497520695010997], "PKU": [0.004024570145099118, 0.24975208428344484], "SJTU": [-0.35376615960089236, 0.24975208187022852], "IITB": [-0.6549264063052562, 0.2497520751882208], "UFC": [-0.6948300307650996, 0.24975206962873955], "POST": [0.43343032487968447, 0.24975205553093394], "AMU": [0.15979345482810484, 0.2497520726971642], "CUUI": [0.39630519311259726, 0.2497520364207455], "NTHU": [0.2484316122606121, 0.2497520873734926], "RAC": [-0.09713734976995694, 0.2497520497211353], "SOURCE": [-0.7403030263545797, 0.24975207920198184], "CAMB": [0.7947257445817856, 0.24975207756870693], "IPN": [-0.31447476354345666, 0.24975207629355992], "UMC": [0.14571834380462892, 0.24975207093748358], "data_points": [92366.0, 1.0]}