{"POST": [0.414099722293055, 0.24975516498365083], "PKU": [0.02986607602667667, 0.24975515290142103], "CAMB": [0.9543685007734847, 0.2497551642753542], "NTHU": [0.1936837550118864, 0.24975515220985062], "IPN": [-0.3763554249090537, 0.24975511591918298], "SOURCE": [-0.758268408512666, 0.24975513813886752], "SJTU": [-0.4161151411197559, 0.2497551455785225], "UMC": [0.13752517458684319, 0.24975514258750223], "data_points": [92366.0, 1.0], "RAC": [-0.08909313313924512, 0.24975513663769736], "IITB": [-0.6778303893013995, 0.24975510493647154], "AMU": [0.1704750428911078, 0.24975515252709432], "NUCLEA": [0.8524519007490183, 0.24975516142092208], "CUUI": [0.30010140472212704, 0.24975515199344137], "UFC": [-0.7349090365773193, 0.24975514336524143]}