{"NUCLEA": [-0.38097362471634144, 0.24972523778014474], "IITB": [0.8190426294926476, 0.2497252284052149], "UMC": [-0.0887306018901281, 0.24972524195791215], "IPN": [0.09815977102802295, 0.2497252052471427], "SJTU": [0.644011863836721, 0.24972520128502837], "CAMB": [-0.5693206578900599, 0.24972524960843834], "RAC": [0.11498054278753325, 0.24972522736359634], "JMGR": [0.0025883143479515217, 0.24972519306288332], "PKU": [0.18226010842643076, 0.24972523223496146], "UFC": [0.02495651970930629, 0.2497252344915679], "src": [0.017565901334028196, 0.24972523374029268], "NTHU": [-0.1700632516326196, 0.24972524729476758], "data_points": [77281.0, 1.0], "CUUI": [-0.24548407462372962, 0.24972523727650522], "POST": [-0.4351292821933298, 0.24972521636617323], "AMU": [-0.01386415250027746, 0.24972524648566347]}