{"AMU": [-0.10341941026881485, 0.24980641906872295], "PKU": [0.06104006569803247, 0.24980640971359674], "NTHU": [-0.29432566023214957, 0.2498064170670279], "NUCLEA": [-0.6458392057778278, 0.2498064058995813], "SJTU": [0.35787791444191075, 0.24980640229927611], "RAC": [0.13680470057895822, 0.2498063863262702], "data_points": [119393.0, 1.0], "SOURCE": [0.6902464361750854, 0.24980641889202607], "IITB": [0.5972566123797067, 0.24980639279552277], "POST": [-0.3674538964135042, 0.24980641582816815], "CAMB": [-0.8386388160742413, 0.24980641382176189], "UMC": [-0.12759400128073098, 0.2498063812570175], "IPN": [0.27086188332985994, 0.2498064086129669], "UFC": [0.6403378244005726, 0.2498064132527026], "CUUI": [-0.3771544734605515, 0.2498064101954022]}