{"SOURCE": [0.7020137563673728, 0.2498057607435717], "UFC": [0.6330577298004639, 0.24980574025756583], "CUUI": [-0.3886831200452164, 0.24980576311519265], "UMC": [-0.10849595277920296, 0.24980576263224957], "IPN": [0.2763427734969933, 0.24980575940580088], "CAMB": [-0.8456928618236982, 0.24980575976541156], "IITB": [0.605785675217282, 0.24980576007977623], "SJTU": [0.34747270287970805, 0.24980574254247756], "AMU": [-0.07966460582436204, 0.24980575517470263], "NTHU": [-0.30758466642038956, 0.2498057503859064], "RAC": [0.13288370647969336, 0.2498057449584444], "NUCLEA": [-0.6461482142341288, 0.24980576150882192], "PKU": [0.061752670858829274, 0.2498057608452517], "data_points": [118938.0, 1.0], "POST": [-0.3830396147361025, 0.2498057637347746]}