{"data_points": [77281.0, 1.0], "UFC": [0.02089084617633444, 0.2497252384323884], "CUUI": [-0.25805241727519007, 0.249725201683626], "UMC": [-0.11072527834156316, 0.24972519948915486], "PKU": [0.18041254590143038, 0.2497252308161433], "JMGR": [-0.00905884809067643, 0.24972524911588811], "POST": [-0.4151664380866059, 0.2497252708940648], "AMU": [0.015711418123492728, 0.24972525188648878], "IPN": [0.10092949262368009, 0.24972524829360848], "RAC": [0.12218685180405184, 0.24972515208492957], "CAMB": [-0.5659894169413928, 0.24972523638413105], "SJTU": [0.6636031667798199, 0.24972526377094925], "NUCLEA": [-0.3807886027176796, 0.24972525332880519], "IITB": [0.8079551108046107, 0.24972525443103213], "NTHU": [-0.16581010842671068, 0.24972527009079837], "src": [-0.006098322299347738, 0.24972525421124542]}