{"IITB": [0.6097480030191577, 0.2498057173309268], "CAMB": [-0.8335575455277866, 0.24980571466257342], "IPN": [0.28102984596490016, 0.2498057235744271], "RAC": [0.16724800087093764, 0.2498057152192164], "PKU": [0.06331723363454914, 0.24980571957877862], "UMC": [-0.1346912313830799, 0.24980571501335516], "SOURCE": [0.7040547704404246, 0.2498057222423178], "SJTU": [0.33353551532865966, 0.2498057154701973], "NTHU": [-0.29689083155285506, 0.24980571519128128], "POST": [-0.39132843615681023, 0.24980572493591827], "AMU": [-0.0922789406899841, 0.24980571834297396], "NUCLEA": [-0.6615245833050155, 0.24980571707213522], "CUUI": [-0.3862836560276108, 0.24980570210907208], "data_points": [118938.0, 1.0], "UFC": [0.6376218306997068, 0.249805723300433]}