{"PKU": [0.05577597184003625, 0.24980642541487852], "SOURCE": [0.6897680315303434, 0.2498064315794881], "SJTU": [0.35320935473008847, 0.24980643802128508], "UFC": [0.6369890460438814, 0.24980641350020316], "NTHU": [-0.2912127009268016, 0.24980643478208872], "NUCLEA": [-0.6466764271616648, 0.2498064209635397], "UMC": [-0.12280803963477763, 0.2498064320569797], "CUUI": [-0.38325442668898935, 0.24980643271492065], "CAMB": [-0.8281098920419339, 0.2498064297252723], "RAC": [0.1314219417012969, 0.249806412075756], "data_points": [119393.0, 1.0], "AMU": [-0.1010231468034235, 0.24980640951182218], "POST": [-0.36913281062263303, 0.2498064362719905], "IPN": [0.26858607707596643, 0.24980643452468146], "IITB": [0.6064669983572919, 0.24980642727814445]}