{"PKU": [0.2659901400519293, 0.24972054496833063], "IITB": [-0.07515820633821042, 0.24972056647809687], "SJTU": [-0.17103872137527285, 0.24972055379795147], "POST": [-0.010978876834060207, 0.24972055664889792], "AMU": [0.1702675373584688, 0.24972056654114894], "NTHU": [-0.060158463018422766, 0.249720546037055], "UMC": [-0.05768313762496987, 0.2497205529522226], "CUUI": [-0.08103468052750083, 0.2497205555765503], "NUCLEA": [0.118614940045798, 0.24972051391901248], "UFC": [-0.06263415232350963, 0.24972053299970454], "SOURCE": [-0.05892051090796479, 0.24972056112873767], "data_points": [92366.0, 1.0], "CAMB": [0.012681187202783653, 0.2497205375866769], "IPN": [-0.11242773690977574, 0.2497205479085336], "RAC": [0.12248068192735512, 0.24972056568592582]}