{"IITB": [0.5662521822812852, 0.24980652899042305], "NTHU": [-0.3168255413590234, 0.2498065330985314], "SJTU": [0.33298236414606713, 0.24980652257247835], "CUUI": [-0.3958235753805658, 0.24980650765159415], "SOURCE": [0.6436843900804468, 0.24980651952024405], "UMC": [-0.18121459594021386, 0.24980650244370406], "IPN": [0.23579305582028984, 0.2498065375818816], "NUCLEA": [-0.5980853695725322, 0.24980653366367214], "PKU": [0.15020951385299128, 0.24980645678247282], "POST": [-0.34567110398671463, 0.24980652867008593], "UFC": [0.5956939526061148, 0.24980652607828965], "CAMB": [-0.7847809492214238, 0.24980653192245575], "RAC": [0.18791724751162153, 0.24980653148289308], "AMU": [-0.09013159284417847, 0.24980653604411288], "data_points": [119393.0, 1.0]}