{"UMC": [-0.15379542656772233, 0.2497250336732677], "CUUI": [-0.24622380389252685, 0.24972502035618419], "IPN": [0.05028206222162957, 0.24972503704937435], "NUCLEA": [-0.31054583340226244, 0.2497250029261168], "SJTU": [0.6338447074149747, 0.24972501020580176], "RAC": [0.1613756970429339, 0.2497250207761821], "CAMB": [-0.561553166958262, 0.24972500143484333], "data_points": [77281.0, 1.0], "UFC": [-0.003142724835651599, 0.24972498389153974], "NTHU": [-0.15083734331932017, 0.2497249677767565], "PKU": [0.17061990892309262, 0.24972503193281995], "POST": [-0.4013032556008395, 0.249725005934558], "src": [-0.019963549857193078, 0.24972501132869435], "AMU": [0.002773769172650399, 0.2497250231310575], "IITB": [0.7955679214242902, 0.24972503511632807], "JMGR": [0.03290104959821392, 0.24972502272867356]}