{"PKU": [0.13636986755810893, 0.24980583828977573], "RAC": [0.19139660293829738, 0.24980581993795914], "POST": [-0.34567264283784044, 0.24980583329778902], "UFC": [0.5912425860103283, 0.2498058354988502], "UMC": [-0.1475464100166789, 0.2498058349279283], "data_points": [118938.0, 1.0], "SOURCE": [0.6595988844370794, 0.2498058382469826], "NTHU": [-0.33702019850406867, 0.24980582117563188], "SJTU": [0.317674146375019, 0.24980583279331994], "CUUI": [-0.4211224131037489, 0.24980583241387636], "CAMB": [-0.825982344044327, 0.24980583499886502], "IITB": [0.5764655117905751, 0.24980584252860355], "IPN": [0.23344885861551992, 0.24980583533483774], "NUCLEA": [-0.5634881206296511, 0.2498058289373734], "AMU": [-0.0653643494036373, 0.24980583682983123]}