{"IITB": [0.6099401362529605, 0.24980647556199145], "IPN": [0.2593748773620294, 0.2498064942425387], "AMU": [-0.0989918810889358, 0.24980647095107372], "SJTU": [0.34423336810738686, 0.24980648768446437], "NUCLEA": [-0.6453644674633913, 0.24980648743951048], "data_points": [119393.0, 1.0], "RAC": [0.14075532314534467, 0.24980649171124866], "CUUI": [-0.4093451852369342, 0.24980648194854935], "UFC": [0.6410608248350975, 0.24980649612269418], "UMC": [-0.13142636944103694, 0.24980649763600252], "PKU": [0.06666700257776043, 0.2498064918807151], "NTHU": [-0.2877432950027906, 0.24980649737479382], "CAMB": [-0.825955017896161, 0.24980649467116786], "POST": [-0.3501026750775605, 0.24980649654551104], "SOURCE": [0.6868973339210481, 0.24980649510857952]}