{"UMC": [-0.13586323304863948, 0.24972491199285576], "CUUI": [-0.2194196366790885, 0.24972497177599948], "CAMB": [-0.5839174382545478, 0.2497249554622972], "data_points": [77281.0, 1.0], "IITB": [0.8127563398592554, 0.2497249349540875], "src": [0.008507834151250372, 0.2497249170729734], "NTHU": [-0.15102099945434358, 0.24972486575268724], "JMGR": [0.014972517357718844, 0.24972495996754318], "NUCLEA": [-0.3756103933282769, 0.2497249475998121], "PKU": [0.1778238763148405, 0.24972494066526185], "UFC": [0.024953426540460767, 0.2497249497218723], "SJTU": [0.6216462696640583, 0.24972495470963596], "IPN": [0.08059965838871205, 0.24972495612975262], "AMU": [0.015894697640923265, 0.24972495884775261], "RAC": [0.11552774276098256, 0.24972492053851203], "POST": [-0.4068506523392523, 0.2497249433492007]}