{"POST": [-0.36753965807298383, 0.24980583367532214], "SOURCE": [0.6979303467468828, 0.2498058289063791], "IITB": [0.6165996422419973, 0.2498058239041229], "PKU": [0.07412991367245735, 0.24980581612088062], "CAMB": [-0.8408865812049281, 0.24980583575230655], "NTHU": [-0.2773072533165429, 0.2498058327994571], "AMU": [-0.09300010019459659, 0.2498058352569921], "UFC": [0.6376229140721159, 0.24980582187716857], "data_points": [118938.0, 1.0], "SJTU": [0.3543208119449726, 0.249805822596199], "NUCLEA": [-0.660205355988643, 0.2498058246463099], "RAC": [0.13948917320749174, 0.2498058233575925], "UMC": [-0.1331277811807157, 0.24980580268141617], "IPN": [0.24282305907005913, 0.24980583580877166], "CUUI": [-0.3908491547536479, 0.24980582514585245]}