{"SOURCE": [0.6782780686359114, 0.24980661197681833], "NTHU": [-0.28163888320343994, 0.24980660722390408], "NUCLEA": [-0.65110285862862, 0.24980661135916823], "POST": [-0.3785860231001995, 0.24980660526807863], "CUUI": [-0.40958413918014264, 0.24980662155298267], "IPN": [0.2740897309927473, 0.24980660915802344], "UFC": [0.6442886197274349, 0.24980661320264377], "CAMB": [-0.8234433243291052, 0.24980661856010541], "IITB": [0.6077864849610498, 0.24980660350053308], "SJTU": [0.3496182001868225, 0.2498066121295935], "RAC": [0.14015744421222592, 0.24980660103969707], "data_points": [119393.0, 1.0], "AMU": [-0.08773661371084097, 0.24980657181327853], "UMC": [-0.14255544455820643, 0.24980662098101278], "PKU": [0.08042871690483691, 0.24980661528700718]}