{"POST": [0.4088321782161331, 0.24975115418042249], "NUCLEA": [0.6425365000941228, 0.24975117398852156], "RAC": [-0.0849239879821183, 0.24975116858273247], "IPN": [-0.30040035965367873, 0.24975114042932203], "PKU": [-0.04021067603673816, 0.2497511643268883], "NTHU": [0.2541527588785872, 0.24975117519312603], "SJTU": [-0.35128628574840126, 0.24975111544319814], "data_points": [92366.0, 1.0], "IITB": [-0.6335759226568275, 0.24975118189675177], "UFC": [-0.678273012098997, 0.24975118987937825], "SOURCE": [-0.7399824347674989, 0.24975118149213626], "CAMB": [0.8118890934146944, 0.24975117163727012], "CUUI": [0.40975928905299475, 0.2497511831968698], "AMU": [0.13581303684087148, 0.2497511751305213], "UMC": [0.16566985288355937, 0.24975113610139923]}