{"UFC": [0.009800434377543469, 0.2497251817698969], "src": [0.009243098938611211, 0.2497252104662696], "AMU": [0.003327535016073863, 0.2497252351128972], "NUCLEA": [-0.3427104723614895, 0.24972518310218447], "POST": [-0.4438151577690703, 0.24972521677966347], "NTHU": [-0.15878700973419932, 0.24972522269718636], "CUUI": [-0.25305878744221294, 0.2497252271359203], "IPN": [0.08669561207483098, 0.2497252288763411], "RAC": [0.1075815855702043, 0.24972517799831082], "JMGR": [0.009425528546593528, 0.24972522882176687], "IITB": [0.8284701009879614, 0.24972523292201693], "CAMB": [-0.5905706631800858, 0.24972522928374685], "SJTU": [0.6722912210314612, 0.24972519886772251], "UMC": [-0.10019136893993445, 0.24972522738483666], "PKU": [0.16229835056293127, 0.2497252011733911], "data_points": [77281.0, 1.0]}