{"IITB": [0.6116698985388008, 0.24980567447835433], "IPN": [0.2672102822849737, 0.24980567913422336], "CUUI": [-0.38508117747275555, 0.24980567451878347], "SJTU": [0.34554933203860566, 0.24980566395818332], "RAC": [0.13853387193835648, 0.24980566851484984], "UFC": [0.6451902157165499, 0.24980567951139604], "POST": [-0.3658572474646775, 0.24980566473957652], "NTHU": [-0.29376920147027774, 0.24980567195845044], "SOURCE": [0.6868783599688493, 0.24980564113989723], "data_points": [118938.0, 1.0], "PKU": [0.05346509515211912, 0.24980567744288892], "CAMB": [-0.8518193065735352, 0.24980567525441985], "NUCLEA": [-0.6527537068852467, 0.2498056720054991], "AMU": [-0.08314706577436841, 0.2498056593174137], "UMC": [-0.11606937526121655, 0.2498056575617658]}