{"UMC": [-0.13094517394193828, 0.24980660200004873], "CUUI": [-0.371048428456654, 0.24980659653591517], "POST": [-0.3667396195419702, 0.24980660839238528], "CAMB": [-0.8257158434407144, 0.24980660025584614], "IITB": [0.6103004820431678, 0.24980660335571317], "IPN": [0.2537492740400009, 0.2498065615130139], "NUCLEA": [-0.6447644764421959, 0.24980660863703583], "PKU": [0.06235586293303217, 0.2498065980217837], "SOURCE": [0.699580959066792, 0.24980660107990096], "UFC": [0.6372308630666506, 0.24980660718457], "SJTU": [0.3661361076472733, 0.24980660039754277], "RAC": [0.1462620321886058, 0.24980659017619722], "NTHU": [-0.3133551827508266, 0.24980660523115275], "AMU": [-0.12304687942320196, 0.24980660599815185], "data_points": [119393.0, 1.0]}