{"PKU": [0.10748172353350316, 0.24980641348098553], "NTHU": [-0.31622944810812903, 0.24980641393933664], "IITB": [0.5923428081808917, 0.24980640786928074], "IPN": [0.23758604007993886, 0.24980642696875627], "RAC": [0.17534616392866123, 0.24980641227638062], "POST": [-0.3401646706294786, 0.24980642012769103], "data_points": [119393.0, 1.0], "SJTU": [0.34578469266570094, 0.24980642167291567], "UFC": [0.6135284964451495, 0.2498064077922976], "UMC": [-0.140997599237486, 0.24980642958058824], "NUCLEA": [-0.6175924162357356, 0.24980642039921422], "SOURCE": [0.6664288032632515, 0.24980642960406524], "AMU": [-0.08271142798634151, 0.24980641537936404], "CUUI": [-0.42502431735778223, 0.24980641109903798], "CAMB": [-0.8157788723405592, 0.24980642033482836]}