{"UMC": [0.15638927550941467, 0.24975533886879447], "SJTU": [-0.4478129449706609, 0.24975533459025404], "UFC": [-0.694997217756493, 0.249755343029849], "PKU": [0.069462800460532, 0.249755330318171], "NTHU": [0.20156491351283312, 0.2497553597994007], "RAC": [-0.0436195387594197, 0.2497553461172183], "CUUI": [0.24255975466086724, 0.2497553475090866], "data_points": [92366.0, 1.0], "POST": [0.30365805169758103, 0.24975534347417833], "CAMB": [0.8850691676032787, 0.24975534576136635], "AMU": [0.23482003036200833, 0.24975534546468206], "IITB": [-0.6207537333279223, 0.2497553599616261], "IPN": [-0.3652110013713844, 0.24975532346155557], "SOURCE": [-0.721137681660029, 0.24975532864433947], "NUCLEA": [0.8000081603172478, 0.2497553517332884]}