{"NUCLEA": [-0.6493890845235475, 0.24980602724454146], "NTHU": [-0.31299129095443473, 0.24980602651860165], "CAMB": [-0.8311526638134235, 0.24980600459384947], "UFC": [0.6177985821740187, 0.24980601207966444], "data_points": [118938.0, 1.0], "SJTU": [0.3447056137489327, 0.24980600049045726], "UMC": [-0.12820184837396148, 0.24980602423015236], "RAC": [0.14874437876797836, 0.24980602285977926], "POST": [-0.357807801746626, 0.24980602513820685], "IPN": [0.2806665413081857, 0.2498060175734242], "PKU": [0.10092601559095045, 0.24980602201819363], "SOURCE": [0.7032131391279657, 0.2498060216713259], "AMU": [-0.10116765509875958, 0.24980602425606246], "IITB": [0.5942472692197196, 0.24980602207421607], "CUUI": [-0.40959121717249597, 0.24980602577277794]}