{"SJTU": [0.3414800805433043, 0.24980650565445697], "UFC": [0.6101814448365394, 0.24980648406215225], "IPN": [0.2586524523627255, 0.24980650719866543], "RAC": [0.17749773242116704, 0.24980649886019146], "SOURCE": [0.6773243619858923, 0.24980649638323763], "UMC": [-0.13645110450188713, 0.24980650055753345], "AMU": [-0.10521092147261477, 0.24980650410652988], "CUUI": [-0.39797695995683974, 0.2498065005552136], "CAMB": [-0.8232003060747075, 0.24980650163179394], "POST": [-0.36913407181623614, 0.24980649784644568], "data_points": [119393.0, 1.0], "NTHU": [-0.3109598607039279, 0.249806487186883], "NUCLEA": [-0.6135265704426164, 0.24980649391530238], "PKU": [0.08545439462294502, 0.24980648319321486], "IITB": [0.6058693046288215, 0.24980650150299633]}