{"AMU": [0.024405223325458858, 0.2497253169057651], "NUCLEA": [-0.355649961199388, 0.24972529589257222], "UFC": [0.024030318598355787, 0.24972536146039687], "JMGR": [-0.013309509780917607, 0.24972534190098938], "CUUI": [-0.276903172642074, 0.24972535216922023], "POST": [-0.406849737907554, 0.2497253416184681], "RAC": [0.1197833327673032, 0.24972533892992585], "IPN": [0.07135640434103123, 0.24972533521891846], "PKU": [0.18410885174371025, 0.24972534629869506], "data_points": [77281.0, 1.0], "NTHU": [-0.14936110926508742, 0.24972535401122195], "UMC": [-0.11849168832292488, 0.24972532920980373], "IITB": [0.8340104676295219, 0.24972535503046478], "src": [-0.006835949525113266, 0.24972529911719646], "CAMB": [-0.5865011362191589, 0.24972535252785283], "SJTU": [0.6562076693348025, 0.24972535043318292]}