{"data_points": [77281.0, 1.0], "UFC": [0.0038818593027113665, 0.24972513286265383], "PKU": [0.17911923709915925, 0.2497251692481249], "IPN": [0.08355658120242257, 0.24972514746488955], "POST": [-0.4318052952465617, 0.24972516082928206], "src": [0.022001383136442274, 0.2497250538578047], "CAMB": [-0.5536088887624818, 0.24972516011031265], "IITB": [0.830317551551628, 0.24972514726186956], "SJTU": [0.635880568111096, 0.24972516217319757], "AMU": [-0.017377285405686446, 0.2497251770176156], "UMC": [-0.10073998484736363, 0.2497251738386879], "CUUI": [-0.24677361203870507, 0.2497251161703229], "RAC": [0.11867348089813222, 0.24972514900499646], "JMGR": [-0.006471728124478509, 0.24972516950736115], "NTHU": [-0.14714428648897396, 0.2497251771951012], "NUCLEA": [-0.3695095646018187, 0.2497251607404231]}