{"IITB": [0.6067116284263028, 0.249806476494493], "AMU": [-0.10174419265225135, 0.24980647305966897], "RAC": [0.12052724859748509, 0.24980647338559947], "UMC": [-0.1555993906844491, 0.24980647412501064], "NTHU": [-0.2908534836661008, 0.24980648049937437], "CAMB": [-0.8375653093112946, 0.2498064870953092], "CUUI": [-0.38289479025512696, 0.2498064754239628], "IPN": [0.26164426050305606, 0.24980647090330865], "SJTU": [0.3491402097536665, 0.24980645460371315], "SOURCE": [0.7060417441770974, 0.2498064853345742], "NUCLEA": [-0.6399744977864429, 0.24980648954889645], "UFC": [0.6401014981551263, 0.24980649004637506], "data_points": [119393.0, 1.0], "POST": [-0.3552484579526188, 0.2498064900986076], "PKU": [0.07971351148437068, 0.24980648930261626]}