{"POST": [-0.3604514247873029, 0.2498057942442968], "UMC": [-0.13625330262363838, 0.24980579206822465], "data_points": [118938.0, 1.0], "UFC": [0.6468745587154646, 0.24980578339561615], "SOURCE": [0.6972098628875353, 0.24980576599709794], "IITB": [0.6165966923626999, 0.24980578801952946], "IPN": [0.2519557955619034, 0.24980577389100606], "NUCLEA": [-0.639297955905343, 0.2498057855545324], "CAMB": [-0.8365626593217725, 0.24980578917281568], "NTHU": [-0.27598440989437645, 0.2498057930541525], "AMU": [-0.10429486667212225, 0.2498057873242665], "CUUI": [-0.39541180960472694, 0.24980578737650477], "SJTU": [0.3487900522450056, 0.2498057824494556], "RAC": [0.12651663560335985, 0.24980575314236744], "PKU": [0.060312811596682676, 0.24980579258336993]}