{"SOURCE": [0.6364121501543609, 0.24980575159744606], "data_points": [118938.0, 1.0], "RAC": [0.18971503649124796, 0.24980575111304362], "UFC": [0.5885995339889967, 0.24980575492027274], "AMU": [-0.07101232184905275, 0.24980572945452176], "CUUI": [-0.4127106739065799, 0.24980575119921977], "IITB": [0.5573582899910248, 0.24980572642175938], "NUCLEA": [-0.5848718370788917, 0.24980575295221144], "PKU": [0.17841975829328222, 0.24980573866715317], "UMC": [-0.14922686832582074, 0.24980572679239813], "IPN": [0.21891116079203884, 0.24980574517957155], "POST": [-0.33521742719549863, 0.2498057456743636], "CAMB": [-0.7965482821127079, 0.24980575471197106], "SJTU": [0.2976081745470703, 0.24980575232990226], "NTHU": [-0.31743671806727397, 0.2498057424954106]}