{"IITB": [0.5511693545493563, 0.24980649072288744], "SOURCE": [0.6471524737587341, 0.249806495355051], "NUCLEA": [-0.5786955447077212, 0.2498064677538509], "CUUI": [-0.3808583841648359, 0.249806498893665], "data_points": [119393.0, 1.0], "AMU": [-0.07983546677731644, 0.24980648104321068], "POST": [-0.3131146679213749, 0.24980650281089287], "IPN": [0.2356709986165211, 0.24980649952692444], "RAC": [0.19066771007216995, 0.24980650141688868], "PKU": [0.1462613642802993, 0.24980649355842421], "UMC": [-0.1679292929493502, 0.24980649374060743], "SJTU": [0.29503777702204714, 0.24980650103627253], "NTHU": [-0.34794216576694387, 0.24980649946960526], "UFC": [0.5827662345433297, 0.24980650718156058], "CAMB": [-0.780350412213502, 0.24980648244401532]}