{"POST": [-0.40259871693170024, 0.2497249712087943], "CUUI": [-0.22865919535401488, 0.24972496118434576], "SJTU": [0.600199438236025, 0.2497249832262784], "NUCLEA": [-0.3305111715988479, 0.2497249719369495], "JMGR": [0.0036972926742327565, 0.24972496908979563], "src": [-0.014594577286185564, 0.24972497262745832], "NTHU": [-0.17246332105568665, 0.24972495155883007], "UMC": [-0.14991456900838424, 0.24972496153099985], "RAC": [0.1767164632154693, 0.24972495187196295], "data_points": [77281.0, 1.0], "UFC": [-0.00018434631128802048, 0.2497249542066354], "AMU": [0.03179141239849237, 0.2497249005851785], "CAMB": [-0.5247673212117456, 0.2497249723163445], "PKU": [0.18854668947065156, 0.2497249551979313], "IPN": [0.063036239581816, 0.2497249669135858], "IITB": [0.759705692493266, 0.24972496119802826]}