{"POST": [-0.4268142324047493, 0.24972520975430554], "IPN": [0.08651536817765572, 0.2497252258131196], "data_points": [77281.0, 1.0], "src": [0.0075814199057921, 0.24972522585721765], "RAC": [0.12052387218991134, 0.24972521217728794], "NUCLEA": [-0.3469626768622468, 0.24972521522236826], "UFC": [0.012390670901670685, 0.24972522458468854], "SJTU": [0.6162872174433425, 0.24972520727801029], "NTHU": [-0.15416411159240376, 0.24972519791844505], "AMU": [0.02144178559996422, 0.2497252231394721], "JMGR": [0.007761858953495664, 0.24972519021870107], "IITB": [0.8221812914107217, 0.2497252189529286], "PKU": [0.1791207797944802, 0.2497252272735693], "CUUI": [-0.2573132239535857, 0.24972518258200743], "UMC": [-0.11886183048078997, 0.2497252350210042], "CAMB": [-0.5696881797720436, 0.24972522187403745]}