{"SOURCE": [0.6957536273535979, 0.249806582505989], "data_points": [119393.0, 1.0], "CUUI": [-0.42023953313624207, 0.2498065772352267], "IPN": [0.2666699601251651, 0.24980657929288339], "IITB": [0.6069513008073341, 0.24980658755939197], "AMU": [-0.10449330601846758, 0.24980658563545438], "UMC": [-0.13250198831562693, 0.24980657285828678], "SJTU": [0.33992311430030214, 0.24980658845543843], "RAC": [0.14291271359305907, 0.24980655448810005], "NTHU": [-0.30006839796241536, 0.24980658214759058], "CAMB": [-0.8259563320113721, 0.24980658747742995], "UFC": [0.6280160861517573, 0.24980657628887698], "POST": [-0.355608980996019, 0.24980658748815787], "NUCLEA": [-0.6205903070151082, 0.24980657857795155], "PKU": [0.07923201918794143, 0.2498065573374872]}