{"UMC": [-0.13709349169032986, 0.24980587798921078], "SJTU": [0.34915257813900374, 0.24980587390894574], "SOURCE": [0.6896406765305805, 0.24980587325923043], "CUUI": [-0.4056274632430409, 0.24980584119373603], "data_points": [118938.0, 1.0], "IPN": [0.2582042074830859, 0.24980587167193183], "PKU": [0.07809568532730186, 0.24980586810158423], "UFC": [0.6357001121075976, 0.2498058653289337], "AMU": [-0.10789859035176175, 0.24980582915983562], "NUCLEA": [-0.6395426709435029, 0.24980586705259447], "NTHU": [-0.3007365910623946, 0.2498058793932695], "CAMB": [-0.8094086497121078, 0.2498058700359329], "POST": [-0.3717454175266881, 0.24980587757311495], "IITB": [0.6047051354230781, 0.24980587461396206], "RAC": [0.15655445642140758, 0.2498058489677959]}