{"data_points": [119393.0, 1.0], "PKU": [0.23471219960863351, 0.24980655531338575], "POST": [-0.27553168196341116, 0.24980654577683015], "SJTU": [0.25039364268138337, 0.24980655310317038], "NUCLEA": [-0.5107147263016888, 0.24980655104736976], "CUUI": [-0.40527125982811824, 0.24980654116423576], "RAC": [0.24787989497139296, 0.24980654477453396], "SOURCE": [0.5846741140905705, 0.2498065429995028], "CAMB": [-0.7596407861863709, 0.24980655001786514], "IITB": [0.5002994163995914, 0.24980654273533112], "UFC": [0.5188493778156308, 0.2498065418065899], "UMC": [-0.1784610812092334, 0.24980655142124059], "NTHU": [-0.34315334423948984, 0.24980654657961945], "AMU": [-0.02322650192145703, 0.24980655199582374], "IPN": [0.15919071406955662, 0.2498065466944809]}