{"IITB": [0.7221771469880413, 0.24972516125413746], "IPN": [0.02015063054142922, 0.249725171084577], "UFC": [-0.010532089046484224, 0.24972518136512933], "UMC": [-0.1451042128785194, 0.24972517088060642], "JMGR": [0.02532316038531417, 0.2497251587476997], "RAC": [0.1693224739030539, 0.24972519425258632], "PKU": [0.2495407593545896, 0.24972518931434273], "CUUI": [-0.24714403142670907, 0.24972513310216846], "CAMB": [-0.4789270509560477, 0.24972518209940267], "src": [-0.02236427652528716, 0.24972511294156644], "NUCLEA": [-0.26895146164144573, 0.24972515756016175], "SJTU": [0.5530622301103, 0.2497251915837344], "data_points": [77281.0, 1.0], "AMU": [0.02902040505923598, 0.2497251784227979], "POST": [-0.388915369904091, 0.24972519824350142], "NTHU": [-0.2066583086784572, 0.24972518784157766]}