{"NTHU": [-0.34746977600672524, 0.2498059916035247], "UFC": [0.5335667898819195, 0.24980600269008338], "data_points": [118938.0, 1.0], "AMU": [-0.044697115008683515, 0.24980599392613165], "SJTU": [0.2517121772600948, 0.24980598430207593], "IITB": [0.49920598891033297, 0.2498059994534416], "NUCLEA": [-0.4953604330066896, 0.24980600013330273], "POST": [-0.2686553605313985, 0.24980599284134686], "UMC": [-0.1805842136564682, 0.2498060041640127], "IPN": [0.1685683966543802, 0.24980599985785018], "CAMB": [-0.7508902233214164, 0.24980598618537464], "CUUI": [-0.38808153565559866, 0.24980599454797175], "PKU": [0.21230158550753753, 0.24980598552226124], "RAC": [0.22792042624522726, 0.2498059993250444], "SOURCE": [0.5824632691321021, 0.249805996072569]}