{"PKU": [0.20684435140882515, 0.24972520276768564], "SJTU": [0.5968738132500723, 0.2497251842908098], "data_points": [77281.0, 1.0], "CAMB": [-0.5097981236504635, 0.2497252004104159], "AMU": [0.03234818049897769, 0.2497251845307406], "IITB": [0.7811463481722606, 0.2497251981895385], "RAC": [0.1796745078178372, 0.24972521626330205], "POST": [-0.4033349127467258, 0.24972521792915361], "NUCLEA": [-0.31645979207223546, 0.249725201334772], "NTHU": [-0.176719372922577, 0.2497252174600578], "src": [-0.03308679402094348, 0.24972521249333848], "UFC": [-0.006280151934988141, 0.2497252240878034], "JMGR": [0.0011104197362837576, 0.24972519469640497], "IPN": [0.03475502804814989, 0.2497251992240887], "CUUI": [-0.23531215549778275, 0.24972514247666436], "UMC": [-0.1517613323700208, 0.24972522177694279]}