{"RAC": [0.2028736572357058, 0.24980657819943497], "IITB": [0.5309414252389885, 0.24980658714647494], "NUCLEA": [-0.5342924006456374, 0.2498065679016008], "SJTU": [0.29515763675695755, 0.24980659313137496], "SOURCE": [0.6248918128810513, 0.2498065930154405], "UMC": [-0.15188768494132343, 0.24980659261611954], "AMU": [-0.06164648496089447, 0.2498065688592768], "NTHU": [-0.3301110208159096, 0.24980656856640884], "PKU": [0.16960126079726945, 0.24980659452072954], "CUUI": [-0.39964931514037244, 0.2498065866743679], "CAMB": [-0.7949509247830094, 0.24980659251725226], "POST": [-0.3056946512744957, 0.24980659459816043], "UFC": [0.5656510375043344, 0.24980659260222798], "data_points": [119393.0, 1.0], "IPN": [0.18911562652273223, 0.24980659430467433]}