{"SOURCE": [0.6239133698050712, 0.24980585396376292], "NUCLEA": [-0.5452211979371941, 0.24980584524175786], "IPN": [0.20413001978729664, 0.24980584885854198], "UFC": [0.5636062659100325, 0.24980582749607988], "SJTU": [0.2990485934630869, 0.24980586033805793], "CAMB": [-0.781889506161729, 0.24980585866614585], "RAC": [0.18827373041873185, 0.24980585929127783], "NTHU": [-0.3304111406666107, 0.24980585381045817], "IITB": [0.54222466329445, 0.2498058477249122], "POST": [-0.29485054934705845, 0.24980585766689625], "AMU": [-0.06704734646577894, 0.2498058553475742], "PKU": [0.17757850863692656, 0.24980584284011842], "data_points": [118938.0, 1.0], "UMC": [-0.15643518973855128, 0.24980584032703906], "CUUI": [-0.42292024679364787, 0.24980585919052245]}