{"RAC": [0.14338776682905463, 0.24980663046867568], "IITB": [0.6120957796756928, 0.24980664222611595], "CAMB": [-0.8287083093803997, 0.2498066336012472], "SJTU": [0.3554849937883204, 0.2498066123661197], "UFC": [0.635915034894644, 0.24980663163558667], "data_points": [119393.0, 1.0], "AMU": [-0.1056906088020734, 0.24980663565555247], "CUUI": [-0.4014480014329012, 0.2498066276762616], "SOURCE": [0.7081972837566464, 0.24980662991876476], "NTHU": [-0.2855858763521765, 0.24980663038369924], "IPN": [0.2665531270347839, 0.24980662609211207], "UMC": [-0.1194563775401498, 0.249806625821614], "PKU": [0.06331539501091195, 0.2498066356114844], "POST": [-0.3989341255222684, 0.24980663713087922], "NUCLEA": [-0.6451261043065378, 0.2498066308356406]}