{"POST": [-0.3462749271352129, 0.24980549738273028], "IPN": [0.25663995053097693, 0.2498055000726048], "NUCLEA": [-0.6632113877476735, 0.249805500342156], "AMU": [-0.10609559069013708, 0.2498054917346385], "CUUI": [-0.4041826035421306, 0.24980549452003253], "SJTU": [0.33569950846878666, 0.24980550152170578], "UMC": [-0.13769273187044284, 0.24980547879930107], "PKU": [0.07088649753989609, 0.24980547844554252], "data_points": [118938.0, 1.0], "CAMB": [-0.8060479731061012, 0.24980549316675665], "RAC": [0.14958566015949207, 0.24980548246923132], "IITB": [0.6055444139705258, 0.24980549658850498], "UFC": [0.6252470351104102, 0.2498054941593747], "SOURCE": [0.7006916833478196, 0.24980549188677498], "NTHU": [-0.28078955520746396, 0.2498054764787735]}