{"UFC": [0.013679299550125777, 0.2497250193215143], "src": [4.6101978832484225e-06, 0.24972502844909486], "data_points": [77281.0, 1.0], "IITB": [0.8244031658553811, 0.2497250073378313], "CAMB": [-0.5297626749552427, 0.24972503032070661], "IPN": [0.10518296532667634, 0.24972503955523012], "AMU": [0.03474988173331234, 0.2497250296118353], "NUCLEA": [-0.3830067850355963, 0.2497250351135025], "RAC": [0.10389384335291575, 0.24972500597688327], "CUUI": [-0.25084321765839745, 0.2497250207559359], "POST": [-0.44603938634697937, 0.24972504066690782], "PKU": [0.17413032562592834, 0.24972500475163173], "SJTU": [0.6499228172020931, 0.24972503526709158], "JMGR": [-0.00018614483842868164, 0.2497249763389501], "NTHU": [-0.15323715180843153, 0.24972501829620072], "UMC": [-0.1428915288688626, 0.24972502605341257]}