{"JMGR": [-0.0001840071957575063, 0.24972521696387467], "data_points": [77281.0, 1.0], "NTHU": [-0.17652784837253824, 0.24972521262051303], "UMC": [-0.11571623512059404, 0.24972523003289246], "CUUI": [-0.28152496638640484, 0.24972521802333783], "NUCLEA": [-0.38559433585385505, 0.24972521985174403], "UFC": [0.025507961565053264, 0.24972516555199556], "RAC": [0.15638211344717226, 0.24972524197950594], "POST": [-0.38984387004715315, 0.2497252353850212], "SJTU": [0.6148065215203463, 0.24972519355501466], "AMU": [0.013494938444887784, 0.24972522346056425], "PKU": [0.1900239973143363, 0.2497252143389031], "IPN": [0.07597793181702932, 0.2497251589056426], "src": [-0.003694001590729929, 0.24972523084351111], "IITB": [0.8284618292274156, 0.24972520200533502], "CAMB": [-0.5515700185931075, 0.24972518340314964]}