{"PKU": [0.08903103012557716, 0.24980579102577607], "UMC": [-0.14334070885027236, 0.24980579218012372], "CUUI": [-0.3997381054489622, 0.24980579064280284], "data_points": [118938.0, 1.0], "RAC": [0.15823403696995916, 0.24980578491734387], "CAMB": [-0.8213035392126601, 0.24980578553333377], "AMU": [-0.08483050373348576, 0.24980579310660103], "IITB": [0.6047014360446443, 0.24980577970629697], "UFC": [0.62717012662627, 0.24980578656405164], "SOURCE": [0.670900509993327, 0.24980577758511427], "IPN": [0.2533948705232485, 0.24980579393544095], "NTHU": [-0.31311209708239046, 0.24980579718943183], "POST": [-0.3505995804030067, 0.2498057883843769], "SJTU": [0.33425573651212404, 0.24980580004668124], "NUCLEA": [-0.6247632334787853, 0.24980578915885934]}