{"CUUI": [-0.4123399146521275, 0.24980647682266957], "IITB": [0.6046767458663964, 0.24980650203414007], "data_points": [119393.0, 1.0], "IPN": [0.24585007313067378, 0.24980650120635656], "RAC": [0.1493723220056572, 0.24980649308687666], "POST": [-0.34112549001184245, 0.24980649115848214], "CAMB": [-0.8023756088878178, 0.2498065134201139], "UFC": [0.6164029532950662, 0.24980650425355724], "SOURCE": [0.6829447775907564, 0.2498065090466655], "AMU": [-0.082113805495687, 0.24980650172343769], "PKU": [0.1078400874298345, 0.24980650925799805], "SJTU": [0.32077339815874845, 0.24980647175634157], "NTHU": [-0.3131176076524581, 0.24980648852941634], "NUCLEA": [-0.6314790244307138, 0.24980650417349798], "UMC": [-0.14530892828930192, 0.24980648094463437]}