{"AMU": [0.17109115092879035, 0.24975194699135994], "IPN": [-0.3079791680396598, 0.2497519686453087], "CUUI": [0.37202264903500737, 0.24975196088360757], "UMC": [0.1437094541410415, 0.24975197096008672], "POST": [0.43296211257841843, 0.24975196725163876], "NUCLEA": [0.6734754358160299, 0.2497519617185013], "SJTU": [-0.3700040255258072, 0.24975195615028464], "PKU": [-0.0170140417747832, 0.24975196803192717], "data_points": [92366.0, 1.0], "RAC": [-0.09327038834357833, 0.24975195390971616], "NTHU": [0.2434773701739973, 0.24975197076560132], "UFC": [-0.6963747273887547, 0.24975195659171295], "SOURCE": [-0.7325705434727409, 0.24975196012098141], "IITB": [-0.6567833783493775, 0.2497519548089458], "CAMB": [0.8372581296678592, 0.24975196995769655]}