{"AMU": [-0.10521390770057189, 0.24980650023048914], "UFC": [0.6422548766437465, 0.2498065022493963], "PKU": [0.0803111301293947, 0.24980646460665581], "SJTU": [0.3612264775746366, 0.24980649541221514], "IITB": [0.6059898007407677, 0.24980650083021094], "RAC": [0.12747286778959166, 0.24980649186498635], "NUCLEA": [-0.6325577671533053, 0.2498065037852294], "POST": [-0.3562038007587444, 0.24980647576957937], "UMC": [-0.12472217197521003, 0.24980650152255254], "data_points": [119393.0, 1.0], "CAMB": [-0.8403176798449621, 0.2498064961491732], "IPN": [0.26607451017618006, 0.24980650312201022], "NTHU": [-0.30019037789228287, 0.24980650434283422], "SOURCE": [0.6941972890523923, 0.24980649115512776], "CUUI": [-0.4183212662426659, 0.24980648800455432]}