{"SOURCE": [0.6723373050282158, 0.24980565095048984], "RAC": [0.16893155832236037, 0.24980565216800193], "NUCLEA": [-0.617073252966895, 0.2498056435791525], "IITB": [0.585477985908394, 0.24980563526378927], "data_points": [118938.0, 1.0], "NTHU": [-0.3158744134861755, 0.2498056449698935], "IPN": [0.2645698633507706, 0.24980564703045283], "UMC": [-0.13793578208763177, 0.24980564306468062], "POST": [-0.3731840144214129, 0.2498056413462649], "UFC": [0.6102279609384476, 0.24980565127787005], "PKU": [0.14069205305187202, 0.24980566163518333], "CAMB": [-0.819499584211461, 0.24980565203538657], "AMU": [-0.09636442766226729, 0.2498056341354894], "CUUI": [-0.3988964976286987, 0.24980565562616083], "SJTU": [0.31659122199496303, 0.24980565168899965]}