{"RAC": [0.14972960601899313, 0.24972516297535727], "AMU": [0.000557194370168902, 0.24972518913760688], "JMGR": [0.006468132497182082, 0.24972518011589323], "POST": [-0.39908898605017257, 0.24972518980674782], "NUCLEA": [-0.35583454361984934, 0.24972519751153904], "IPN": [0.06728914083249196, 0.24972519477098398], "PKU": [0.19871460321254963, 0.24972518059517385], "SJTU": [0.6188706568784614, 0.24972520483932675], "IITB": [0.8160800273010964, 0.24972516372690753], "UFC": [0.009061566426940774, 0.24972518103018898], "src": [-0.01681744870574103, 0.24972516712025628], "UMC": [-0.12089030020347023, 0.24972519501007323], "data_points": [77281.0, 1.0], "CUUI": [-0.27006542017503765, 0.24972517359081814], "NTHU": [-0.12847630422442888, 0.2497251768475304], "CAMB": [-0.5755979108858059, 0.24972519774126764]}