{"RAC": [0.16802572385573597, 0.24972525703496576], "NTHU": [-0.17616042963228912, 0.2497252530788651], "JMGR": [0.05101804133603829, 0.2497252366695741], "UMC": [-0.17172205508715707, 0.24972522743839717], "AMU": [0.062477499090178044, 0.24972527550651732], "CUUI": [-0.2384554674399631, 0.2497252616458201], "CAMB": [-0.4637658387086414, 0.24972526274737458], "SJTU": [0.4660016609130319, 0.24972526526701158], "src": [-0.05896419250627223, 0.24972526107403295], "PKU": [0.26285205627098324, 0.24972525836770385], "POST": [-0.34787909974197634, 0.24972526573777032], "IPN": [0.017563340113086117, 0.24972524334931376], "IITB": [0.6737473762792242, 0.24972527297369373], "UFC": [-0.05304962892491933, 0.24972526631475161], "NUCLEA": [-0.19168898470924198, 0.2497252374387732], "data_points": [77281.0, 1.0]}