{"CAMB": [-0.66534510609482, 0.24980593443551374], "IITB": [0.4052505768285203, 0.24980593119378605], "SJTU": [0.18202281858181601, 0.24980592826574446], "UFC": [0.4364861426702503, 0.24980592403456456], "UMC": [-0.15450763165318612, 0.24980592854863679], "IPN": [0.10284683141745188, 0.24980593312599406], "SOURCE": [0.4868245239046097, 0.24980592299013435], "NUCLEA": [-0.38891540412614617, 0.24980592452776232], "data_points": [118938.0, 1.0], "AMU": [0.017782276707463397, 0.24980590874566674], "NTHU": [-0.32692030309031417, 0.24980592269140597], "RAC": [0.2538674613141381, 0.24980593208199134], "PKU": [0.2684033939632283, 0.24980592035923951], "POST": [-0.24161736631722794, 0.24980588607647425], "CUUI": [-0.3761782358582278, 0.24980593546162064]}