{"IITB": [0.4256098977943216, 0.24980677962343306], "data_points": [119393.0, 1.0], "CAMB": [-0.6774140834299531, 0.24980679240139284], "RAC": [0.22621282190009914, 0.2498067563652341], "POST": [-0.23890291783072806, 0.24980677588151462], "UMC": [-0.16852384404528106, 0.24980679863873978], "IPN": [0.09982268591153268, 0.24980678987759028], "NTHU": [-0.3269918204801725, 0.24980679653053375], "CUUI": [-0.3861158127996561, 0.24980678987986935], "SOURCE": [0.5081914416943214, 0.24980678465030004], "UFC": [0.4707289250992285, 0.24980678436619316], "AMU": [-0.001797850296948012, 0.24980679897104566], "NUCLEA": [-0.3948531382081954, 0.24980679276888934], "PKU": [0.263434147462712, 0.24980679205474715], "SJTU": [0.20059952820867735, 0.2498067934687405]}