{"data_points": [77281.0, 1.0], "SJTU": [0.6700736239709709, 0.24972497002121968], "src": [0.009062494333841053, 0.24972491428908317], "UFC": [0.006661709197910719, 0.24972491721026657], "UMC": [-0.13716350490328313, 0.2497249342642915], "CAMB": [-0.547321197837258, 0.24972493992135128], "POST": [-0.4489912478039334, 0.24972496292825247], "IPN": [0.07819581222258784, 0.24972496705930847], "RAC": [0.1532385569457886, 0.24972494305541904], "JMGR": [-0.000926059412864766, 0.24972494347099916], "NTHU": [-0.1489901429183333, 0.2497249719242054], "IITB": [0.8447308596150804, 0.24972494592109717], "CUUI": [-0.23938144739817538, 0.2497248816641392], "NUCLEA": [-0.3750576595083916, 0.24972494577260781], "PKU": [0.14714402015957967, 0.24972491435848995], "AMU": [-0.011275802975558335, 0.24972495730902516]}