{"UFC": [0.6377430700744519, 0.24980566693431389], "NUCLEA": [-0.6467484287098071, 0.2498056433091453], "data_points": [118938.0, 1.0], "PKU": [0.06776257312647996, 0.24980565450425898], "POST": [-0.3581720980301199, 0.24980566520475528], "IITB": [0.6032610466588756, 0.24980566968194562], "CUUI": [-0.41271267729320965, 0.2498056703941777], "IPN": [0.26408901412144825, 0.24980565737506585], "CAMB": [-0.8202231291008077, 0.24980566368191146], "NTHU": [-0.2943683491578752, 0.24980566073934232], "RAC": [0.14045257435930358, 0.24980563932926217], "UMC": [-0.1352880007831157, 0.24980566254170136], "SOURCE": [0.7030975630113471, 0.2498056505712689], "SJTU": [0.3489128508109692, 0.24980565256809914], "AMU": [-0.09780603053312723, 0.24980565201547403]}