{"NUCLEA": [-0.6311188967332364, 0.2498065911260749], "IPN": [0.2576961500383582, 0.2498065937403615], "PKU": [0.06738437299055182, 0.24980658971371997], "RAC": [0.11598204864753593, 0.24980659273032393], "CUUI": [-0.3779884494797633, 0.24980659221357407], "UMC": [-0.13369640044479053, 0.2498065742765222], "data_points": [119393.0, 1.0], "SOURCE": [0.6985044497817332, 0.24980659598150615], "AMU": [-0.10940239189415475, 0.2498065927166364], "CAMB": [-0.835888145493147, 0.2498066012599087], "IITB": [0.6217875647072415, 0.24980657635648493], "NTHU": [-0.29229154614380154, 0.24980658580760404], "POST": [-0.3867233811797433, 0.24980659900145388], "UFC": [0.6592496355380534, 0.24980658363376024], "SJTU": [0.34650496787853363, 0.24980660110413436]}