{"UFC": [0.4499437411759161, 0.2498060162955688], "AMU": [0.011893714585621216, 0.2498060121710909], "CAMB": [-0.668348603090155, 0.24980600203302705], "CUUI": [-0.37185513388943947, 0.24980600643170273], "NTHU": [-0.3271607295931192, 0.24980601190199953], "UMC": [-0.16483896656527897, 0.2498060182165351], "PKU": [0.26600249931450076, 0.24980601028008162], "data_points": [118938.0, 1.0], "IPN": [0.11942598322528308, 0.2498059574100455], "NUCLEA": [-0.4105393907193688, 0.24980600734247965], "RAC": [0.2309201152243962, 0.2498059859458782], "SOURCE": [0.4943926287487864, 0.24980600565480365], "POST": [-0.2327282373196732, 0.24980601187174015], "SJTU": [0.18442568068162948, 0.24980600538373363], "IITB": [0.4184666796445785, 0.24980600228763034]}