{"PKU": [0.26031905224719126, 0.24980673172743562], "UMC": [-0.12782998999680276, 0.24980673387722277], "NTHU": [-0.32890571993877443, 0.24980674487022078], "CAMB": [-0.6613738972389795, 0.24980673697360695], "POST": [-0.2614045049751036, 0.24980674609698417], "AMU": [0.0025100017065532512, 0.24980674892406043], "SJTU": [0.1865960481910775, 0.24980671786825676], "UFC": [0.45493261617482633, 0.24980674527986074], "CUUI": [-0.3666071697697578, 0.24980675012761572], "data_points": [119393.0, 1.0], "SOURCE": [0.4982550236788914, 0.2498067457706765], "IPN": [0.09910465162738658, 0.24980674595135713], "RAC": [0.23471207862796026, 0.24980675452690196], "NUCLEA": [-0.4032311829063879, 0.2498067413584896], "IITB": [0.412922972128993, 0.2498067173659284]}