{"PKU": [0.26063457743905527, 0.24972528206933736], "CAMB": [-0.42624490383524366, 0.24972529822806908], "RAC": [0.1628544403090055, 0.2497252853062598], "IITB": [0.6781801051506563, 0.24972530258541953], "SJTU": [0.43254426154670156, 0.24972529159637671], "JMGR": [0.06469451603954575, 0.24972528806788266], "UMC": [-0.19168624499022854, 0.24972526177739277], "NUCLEA": [-0.1818906793883698, 0.2497252982195671], "data_points": [77281.0, 1.0], "CUUI": [-0.22477650784588554, 0.24972526675938403], "NTHU": [-0.160265820467508, 0.24972528471460292], "IPN": [0.006289524239866518, 0.2497252589038612], "AMU": [0.05785795959789037, 0.24972530683995015], "POST": [-0.3776355922117377, 0.24972525765005527], "UFC": [-0.04565702396786529, 0.2497253051466996], "src": [-0.0548985933170544, 0.24972517599505742]}