{"POST": [-0.29556766661377276, 0.24980592621125905], "NTHU": [-0.3188767067407434, 0.24980591841744995], "SJTU": [0.29412188117875343, 0.24980592564395773], "NUCLEA": [-0.5354943030443429, 0.2498059118488116], "CUUI": [-0.43625713434261554, 0.2498059077932397], "CAMB": [-0.7705982992002913, 0.24980592230306284], "UFC": [0.5564003404221666, 0.24980591986412218], "AMU": [-0.06392320514221551, 0.24980591833998297], "IPN": [0.1795017398221698, 0.24980590932360364], "RAC": [0.20773783754962974, 0.249805925316533], "UMC": [-0.1722933812544727, 0.24980591636521865], "data_points": [118938.0, 1.0], "IITB": [0.5309290763411972, 0.24980590555359675], "SOURCE": [0.6316039448589021, 0.24980591665211926], "PKU": [0.19271585530687715, 0.24980588908398213]}