{"NTHU": [-0.17190683407486687, 0.24972504798204187], "IITB": [0.772082945455844, 0.24972505804686926], "POST": [-0.3746843895920806, 0.24972504981568763], "SJTU": [0.5667408646802615, 0.24972504039030655], "data_points": [77281.0, 1.0], "CUUI": [-0.23642394276923157, 0.24972506276689113], "CAMB": [-0.5044373106155662, 0.24972497655467482], "RAC": [0.14529443897893388, 0.24972504070341917], "IPN": [0.03216824730063903, 0.24972497242660954], "UFC": [-0.03234458749828529, 0.24972503256939427], "PKU": [0.2340143488937526, 0.24972504219190855], "NUCLEA": [-0.31645845691245, 0.24972501991091936], "JMGR": [0.04066679445241622, 0.24972506796482166], "AMU": [0.019597482580764956, 0.2497250562923407], "src": [-0.025136308594272877, 0.24972505988872631], "UMC": [-0.1491732744841507, 0.2497250503338897]}