{"SOURCE": [0.6108877567324246, 0.24980660105708705], "UFC": [0.556914659142903, 0.24980660090329213], "CUUI": [-0.40635443683452355, 0.24980660990264647], "AMU": [-0.05230828493498632, 0.24980660611755448], "IITB": [0.5257953716826745, 0.24980661241013716], "POST": [-0.30545431689896096, 0.2498065995530653], "NUCLEA": [-0.5417126196190636, 0.24980658061584926], "CAMB": [-0.7711329530921727, 0.2498066131841267], "IPN": [0.1994064128218388, 0.2498066056905962], "NTHU": [-0.33441723771831694, 0.2498065973566937], "data_points": [119393.0, 1.0], "RAC": [0.20143998074789263, 0.24980661525353198], "SJTU": [0.2794782596837153, 0.2498066056160839], "PKU": [0.19772642604816493, 0.24980661238049662], "UMC": [-0.1602690398576101, 0.24980661274878882]}