{"NTHU": [-0.30760861387211375, 0.2498063700021881], "data_points": [119393.0, 1.0], "UFC": [0.6196331675300595, 0.2498063830603116], "IITB": [0.5935428973267093, 0.24980638988735793], "IPN": [0.25302672440272783, 0.24980637578068052], "CUUI": [-0.3916329203064089, 0.24980638622208037], "RAC": [0.1680432759180401, 0.24980638696912957], "CAMB": [-0.8147022375440427, 0.24980637795374458], "PKU": [0.09970081336468543, 0.24980638631210744], "SJTU": [0.3358526353552884, 0.24980638337310426], "NUCLEA": [-0.6227395302043384, 0.24980638014308265], "AMU": [-0.10569160373289851, 0.24980634958607328], "SOURCE": [0.6670250787693927, 0.24980637670240913], "UMC": [-0.14470747756864508, 0.24980639126598242], "POST": [-0.3497422305180155, 0.24980637593971236]}