{"CUUI": [-0.2264437400201956, 0.24972537382688192], "AMU": [0.0371573599386275, 0.24972535857681846], "IPN": [0.05397865058753628, 0.24972537072223322], "RAC": [0.12089304734734752, 0.24972537491752786], "UMC": [-0.1305035867208802, 0.24972535534531473], "src": [0.01534390504854502, 0.2497252628026891], "NUCLEA": [-0.3451102815740047, 0.24972533190139254], "data_points": [77281.0, 1.0], "UFC": [0.0016648810373034073, 0.2497253530309947], "CAMB": [-0.5632141176506796, 0.24972533612655873], "NTHU": [-0.1421461781899967, 0.24972525475387275], "POST": [-0.4247786351774134, 0.249725365080038], "SJTU": [0.6484383860354828, 0.24972537398647013], "IITB": [0.8001833537579909, 0.24972535462659454], "PKU": [0.1541670238878917, 0.24972537438472467], "JMGR": [0.0003699525620958418, 0.24972533451336248]}