{"IITB": [0.5989335794649949, 0.24980576934305498], "RAC": [0.15823662327027202, 0.24980575339190322], "UMC": [-0.13817075200995685, 0.24980576311659705], "POST": [-0.3568463426511098, 0.2498057774768208], "UFC": [0.6184007390558, 0.24980577966370093], "SOURCE": [0.6711386911891983, 0.24980575143808476], "CAMB": [-0.8267111327554751, 0.24980577149374672], "NTHU": [-0.2976163279078611, 0.24980577576258575], "data_points": [118938.0, 1.0], "CUUI": [-0.418720625991034, 0.24980576733582954], "IPN": [0.24726789225445855, 0.24980577236506588], "AMU": [-0.0891549952746645, 0.2498057762038436], "SJTU": [0.3396592177119227, 0.24980578207324713], "PKU": [0.10320632836235769, 0.2498057820991582], "NUCLEA": [-0.6096229197468704, 0.24980577995125874]}