{"PKU": [-0.11616096215496366, 0.24976268978267258], "IITB": [-0.10020924100180756, 0.2497626865447953], "NTHU": [-0.2818267632464607, 0.2497626787070643], "POST": [-0.029639974151849997, 0.24976268424778938], "refmix1": [1.1380939199912459, 0.24976267149635387], "AMU": [0.2114173155689172, 0.24976268798283216], "CAMB": [0.08667667823110785, 0.2497626677158696], "data_points": [94950.0, 1.0], "SOURCE": [-0.11089342315349944, 0.24976268499313348], "CUUI": [0.02964778822414846, 0.24976263795065284], "IPN": [-0.5439265369117208, 0.2497626516661872], "RAC": [0.06214354361621443, 0.2497626786674095], "UFC": [-0.07357913314177388, 0.24976262210846487], "UMC": [-0.12278001481282948, 0.24976267314632616], "SJTU": [-0.1489631642807049, 0.2497626529627236]}