{"UFC": [0.6465125975934064, 0.24980580661850318], "RAC": [0.14838212067950915, 0.2498058010683367], "SOURCE": [0.6883199014274334, 0.2498058001840922], "UMC": [-0.0991288041332769, 0.24980581444886346], "PKU": [0.05743144662599209, 0.24980579787207155], "IPN": [0.26697213885877746, 0.24980578609397827], "CUUI": [-0.37558893072935123, 0.24980580551431156], "NUCLEA": [-0.6450675390821985, 0.24980580165607674], "POST": [-0.38760277967854606, 0.2498058061193245], "NTHU": [-0.29917446713199386, 0.2498058057508002], "AMU": [-0.11979410651759831, 0.2498058069895599], "IITB": [0.6030225572363147, 0.24980579308084955], "SJTU": [0.3483115248596257, 0.24980581082261838], "data_points": [118938.0, 1.0], "CAMB": [-0.8325956830558678, 0.24980580270291713]}