{"NUCLEA": [-0.38318692762892065, 0.2497250837307719], "IPN": [0.0804122316457533, 0.24972502911865913], "SJTU": [0.6639662011328386, 0.2497250716752786], "JMGR": [0.007946905710416674, 0.24972496384773532], "IITB": [0.8014794187806709, 0.2497250622185202], "data_points": [77281.0, 1.0], "UFC": [0.03549163042166574, 0.2497250667426835], "CAMB": [-0.506659290274401, 0.2497250606071439], "AMU": [-0.015894018529799474, 0.24972508195791923], "RAC": [0.13068789185169385, 0.2497250676359275], "src": [0.0007488889992123631, 0.2497250443268419], "UMC": [-0.11608593148662792, 0.24972505680183274], "POST": [-0.46211249788082587, 0.24972507335447192], "PKU": [0.15527685160315763, 0.24972508440625002], "CUUI": [-0.2477010125385796, 0.2497250175828204], "NTHU": [-0.14437034014887729, 0.2497250332917504]}