{"src": [-0.03567427327490348, 0.2497252454809575], "CAMB": [-0.5136782097667116, 0.2497253167999553], "IITB": [0.7772603387649399, 0.24972530262629983], "NUCLEA": [-0.29686388866775115, 0.24972528298830218], "PKU": [0.19871242154948748, 0.24972533197985003], "RAC": [0.17265146669644196, 0.24972533023139665], "UFC": [0.0009283358822296598, 0.24972531139174436], "JMGR": [0.01959131035744308, 0.24972529351673342], "NTHU": [-0.1715398744717016, 0.24972531229130107], "data_points": [77281.0, 1.0], "CUUI": [-0.24622031013216406, 0.2497252561409439], "AMU": [0.025144297890468383, 0.24972524000035368], "SJTU": [0.5685899597577869, 0.2497253067568661], "POST": [-0.39760527579148375, 0.2497253275029135], "UMC": [-0.13974678849454408, 0.2497253110639767], "IPN": [0.038450498673714945, 0.24972532497266758]}