{"UMC": [-0.1542850792047574, 0.2498065486725331], "POST": [-0.31060477191351915, 0.24980655442077354], "RAC": [0.19641444284504792, 0.2498065513673054], "AMU": [-0.05386410959870563, 0.24980654197083943], "IPN": [0.211377831134673, 0.2498065546274391], "UFC": [0.5721131731778818, 0.24980651805343895], "CAMB": [-0.7925577236669612, 0.24980655079507816], "PKU": [0.15356277585899988, 0.2498065394958648], "SJTU": [0.29671574977928644, 0.2498065510350746], "CUUI": [-0.3978557702127263, 0.24980654704673916], "NUCLEA": [-0.5689993739545611, 0.24980653773502506], "SOURCE": [0.6466717884579919, 0.24980655008449992], "NTHU": [-0.33190344718632986, 0.24980654469779148], "IITB": [0.5332144866827502, 0.24980655580963526], "data_points": [119393.0, 1.0]}