{"SJTU": [0.28751471942711093, 0.2498058926495732], "data_points": [118938.0, 1.0], "NUCLEA": [-0.5594021435157458, 0.24980589262378464], "AMU": [-0.08290434611962348, 0.24980588043681318], "RAC": [0.20989842015196508, 0.24980588586380717], "NTHU": [-0.32836815238752554, 0.2498058768356528], "UFC": [0.5846336944746466, 0.2498058840123706], "PKU": [0.1795007555663292, 0.24980588522587885], "IPN": [0.21122129146636806, 0.24980588492507264], "POST": [-0.3135888417424856, 0.2498058694534538], "CUUI": [-0.41451482417474533, 0.2498058909016059], "IITB": [0.5571184363395163, 0.24980588707551243], "UMC": [-0.17962372117159547, 0.24980588672602472], "SOURCE": [0.6228373139999216, 0.24980588057207057], "CAMB": [-0.774322629842312, 0.2498058877668616]}