{"UMC": [-0.13405838021277638, 0.24980660175522773], "SOURCE": [0.6913259804424724, 0.24980660804064864], "NUCLEA": [-0.6347111451884482, 0.24980660002781144], "SJTU": [0.35129581441771446, 0.24980659831586513], "PKU": [0.0829443571940251, 0.24980659451987233], "data_points": [119393.0, 1.0], "IITB": [0.6159231286763814, 0.2498065966390534], "CUUI": [-0.39869528698121104, 0.24980659042843306], "IPN": [0.25458335387881276, 0.24980658605470446], "UFC": [0.6407007418022329, 0.24980659440116038], "POST": [-0.3728414242410336, 0.24980659783495868], "RAC": [0.13405219590241113, 0.2498066099904733], "CAMB": [-0.8411536232570244, 0.24980660131838814], "NTHU": [-0.29181324814635257, 0.2498066020929641], "AMU": [-0.09755248799732538, 0.2498065999992585]}