{"RAC": [0.14874271501958078, 0.2498057820290861], "IPN": [0.2699760529722539, 0.24980577653022643], "PKU": [0.06367554100867973, 0.24980577593108136], "IITB": [0.6185190980684304, 0.24980577685195682], "CAMB": [-0.8416070093107109, 0.24980577588609396], "AMU": [-0.08603263587923017, 0.24980575088618379], "POST": [-0.3809951213751481, 0.24980576973350643], "UFC": [0.6443512434701769, 0.2498057576540441], "CUUI": [-0.40562319989014034, 0.24980575962571108], "SOURCE": [0.7086206579795825, 0.24980576624047776], "NTHU": [-0.30025470131393756, 0.2498057731250286], "SJTU": [0.3397801170232777, 0.24980577480353697], "data_points": [118938.0, 1.0], "UMC": [-0.1271193377414797, 0.24980577509330912], "NUCLEA": [-0.6520334432393502, 0.249805766742975]}