{"PKU": [0.17468539378748923, 0.24972521797098104], "JMGR": [0.001106741759154996, 0.24972524507479751], "POST": [-0.43568707732998296, 0.24972521337952908], "data_points": [77281.0, 1.0], "AMU": [0.01922649718091637, 0.24972522705664713], "IITB": [0.8170112830037404, 0.24972517201560007], "CAMB": [-0.5414116512541877, 0.24972520536809964], "NTHU": [-0.14677041612989677, 0.2497251667649661], "CUUI": [-0.23346709603454918, 0.24972522426518381], "UFC": [0.019597720210438284, 0.24972518337348204], "UMC": [-0.12458964777521127, 0.24972524315821784], "IPN": [0.08891689047085297, 0.2497252407030432], "SJTU": [0.6308894281784193, 0.24972521525597483], "NUCLEA": [-0.4042613205755006, 0.24972519466412085], "src": [0.004436067617224238, 0.24972516882840468], "RAC": [0.13031719514919732, 0.2497252112305235]}