{"CAMB": [-0.803401040836166, 0.24980574764059965], "IPN": [0.24330355102296464, 0.24980574706545036], "POST": [-0.3538426050893497, 0.2498057472513772], "UFC": [0.609745659704928, 0.24980571393339415], "data_points": [118938.0, 1.0], "PKU": [0.11762456334909947, 0.24980574328817462], "RAC": [0.17181195270189345, 0.2498057446434792], "IITB": [0.5720210000680302, 0.24980572759580205], "AMU": [-0.08650992368519686, 0.24980574389308063], "CUUI": [-0.4284508715715684, 0.2498057456637051], "SOURCE": [0.6694530825760323, 0.24980573917594961], "SJTU": [0.3086622810660848, 0.249805722376724], "UMC": [-0.12411664797380528, 0.24980572747659507], "NTHU": [-0.2988130123253009, 0.24980574318715174], "NUCLEA": [-0.5974880087951155, 0.24980574125898794]}