{"NTHU": [-0.1635923432431589, 0.24972519013367606], "AMU": [0.014238492999366126, 0.2497252042629944], "PKU": [0.19483197619111817, 0.2497251799114561], "UFC": [0.012571960480871162, 0.24972517799610142], "POST": [-0.3952052431142144, 0.249725193957894], "CUUI": [-0.26470837318813273, 0.24972520024334252], "NUCLEA": [-0.31979032956252323, 0.24972520534251008], "SJTU": [0.6068585008716025, 0.24972518709191674], "data_points": [77281.0, 1.0], "UMC": [-0.15897582503606106, 0.24972519302850524], "src": [0.010360309989954367, 0.24972518143661768], "CAMB": [-0.5271710746327025, 0.24972519568347812], "RAC": [0.16137848662711857, 0.24972515856198088], "IITB": [0.782073660054599, 0.24972520786271446], "IPN": [0.052124828107842136, 0.2497251457526224], "JMGR": [-0.004995009793775612, 0.24972520157621483]}