{"src": [-0.001106373227060876, 0.249725179355754], "CAMB": [-0.5451024918923926, 0.24972519897723452], "UMC": [-0.1236654564694729, 0.24972518104567612], "JMGR": [0.0192198392341158, 0.24972519753199185], "IITB": [0.8266214684082, 0.2497252249790494], "SJTU": [0.6584299928225321, 0.24972519953170558], "NTHU": [-0.1591602217842514, 0.24972521264128314], "PKU": [0.17449647506273583, 0.24972520860327815], "UFC": [0.011836026129848121, 0.24972520058903386], "RAC": [0.13050690730255818, 0.24972515762858224], "IPN": [0.08799602035074733, 0.24972517639700115], "AMU": [-0.011087289373430783, 0.24972518360681184], "data_points": [77281.0, 1.0], "CUUI": [-0.2512167893879026, 0.2497251994061319], "POST": [-0.44252224732973366, 0.24972520650247967], "NUCLEA": [-0.37524584411198875, 0.24972522555654786]}