{"data_points": [119393.0, 1.0], "RAC": [0.16193981298512491, 0.2498062961684557], "NTHU": [-0.3076077843221089, 0.24980629043045474], "NUCLEA": [-0.619869933789342, 0.24980629503569338], "UFC": [0.6305230753110783, 0.24980629956264333], "IPN": [0.23830671866357556, 0.24980629572692306], "CUUI": [-0.41557023130035436, 0.24980626754224833], "PKU": [0.10616502144137775, 0.24980629680856467], "UMC": [-0.13537452720222157, 0.24980627857446389], "SJTU": [0.33645118925318, 0.2498062826848075], "CAMB": [-0.8172158585480935, 0.249806303685324], "AMU": [-0.08546361819001562, 0.24980629884444622], "POST": [-0.35871752894091147, 0.24980629990009354], "SOURCE": [0.6709761258738255, 0.2498062997634003], "IITB": [0.595457517370626, 0.24980629257945183]}