{"RAC": [0.15259149468385394, 0.24980563205634346], "UMC": [-0.1337292985266458, 0.24980560281111508], "SJTU": [0.3371372275787378, 0.24980561208496757], "CUUI": [-0.40478335330744764, 0.24980562334251027], "data_points": [118938.0, 1.0], "AMU": [-0.09215839515183397, 0.24980561562828849], "POST": [-0.3709037053913969, 0.2498056340636228], "CAMB": [-0.8198614538958652, 0.24980562619427074], "PKU": [0.10705028230576667, 0.24980562871455594], "NTHU": [-0.30013482099368877, 0.24980563118811933], "UFC": [0.6203204977814811, 0.24980563017821186], "NUCLEA": [-0.6310088276003796, 0.24980562997617206], "SOURCE": [0.6841123698610949, 0.24980563627353902], "IITB": [0.6004976548279182, 0.24980562327417682], "IPN": [0.25087030526063603, 0.24980563121199523]}