{"SJTU": [0.3601025126534912, 0.24975198105414145], "SOURCE": [0.7269928444297186, 0.24975196645725076], "UMC": [-0.1743344222366254, 0.24975197799236207], "CAMB": [-0.8182325269327639, 0.24975198747376162], "NTHU": [-0.30472575094509413, 0.24975197080840314], "NUCLEA": [-0.6465635260513947, 0.24975192357649936], "data_points": [92366.0, 1.0], "CUUI": [-0.40713036884598447, 0.24975198844279886], "POST": [-0.41641185377585416, 0.2497519802459349], "IPN": [0.28508372229712226, 0.24975196808030128], "IITB": [0.6256866270600556, 0.24975193707945115], "PKU": [0.06403758883151207, 0.24975199977755314], "AMU": [-0.10689398404100552, 0.2497519866549301], "UFC": [0.6742599338604494, 0.2497519897077617], "RAC": [0.13812916356733432, 0.24975198198948906]}