{"RAC": [0.14075491562696518, 0.24980641711212562], "SJTU": [0.3585936278407628, 0.24980643054498114], "SOURCE": [0.6907271746000997, 0.24980642493460795], "UFC": [0.6426160743574227, 0.24980642857722377], "data_points": [119393.0, 1.0], "CUUI": [-0.4022825191578835, 0.24980642765279645], "PKU": [0.06522916779328573, 0.24980642012262513], "IPN": [0.2580543105763484, 0.2498064272517075], "UMC": [-0.13453563063899543, 0.24980643429493665], "AMU": [-0.10521308350135812, 0.24980642340445777], "CAMB": [-0.8248789040638314, 0.24980642075756787], "NUCLEA": [-0.6518251879033953, 0.2498064183713952], "IITB": [0.6131728379758689, 0.24980642845980883], "POST": [-0.3717647328975216, 0.24980643654281107], "NTHU": [-0.2786480740478246, 0.24980641834887618]}