{"SOURCE": [0.7305519585664025, 0.24975080823136248], "RAC": [0.11044036750026207, 0.24975082292836515], "CAMB": [-0.8132828173835875, 0.24975083769859815], "POST": [-0.42383545932233024, 0.2497508466988095], "IPN": [0.3078202288492114, 0.24975085707246172], "data_points": [92366.0, 1.0], "AMU": [-0.1379829614462002, 0.24975085583161966], "UMC": [-0.15375861331705945, 0.24975084429334718], "NTHU": [-0.27688949113019296, 0.2497508233551109], "IITB": [0.6273919090446775, 0.24975083243294938], "PKU": [0.06078525032974445, 0.2497508582500013], "UFC": [0.6897206921324865, 0.24975084668654532], "SJTU": [0.3540707739473233, 0.2497508255018341], "NUCLEA": [-0.6751714005782733, 0.24975084923200766], "CUUI": [-0.3998604711374731, 0.24975084349129906]}