{"data_points": [118938.0, 1.0], "CUUI": [-0.37714845306922035, 0.24980484465704303], "RAC": [0.12867789166776233, 0.24980485702852395], "AMU": [-0.12615955268133366, 0.2498048548185487], "SOURCE": [0.7004497671888363, 0.2498048457954601], "POST": [-0.38748084504899966, 0.2498048508329608], "SJTU": [0.34782746787618646, 0.24980485518862025], "UMC": [-0.1096998411001286, 0.24980483848362386], "PKU": [0.06439525429830543, 0.24980483607566872], "IPN": [0.26648890386550017, 0.24980482652418662], "NTHU": [-0.27670547152179054, 0.24980485442055023], "NUCLEA": [-0.6479450097895526, 0.2498048527298305], "CAMB": [-0.8495319344325786, 0.24980485189611143], "UFC": [0.6418269313418751, 0.2498048443522001], "IITB": [0.6250048709136307, 0.24980484348256185]}