{"UFC": [0.006102363004132293, 0.2497130208232268], "UMC": [-0.07670870707494644, 0.24971308843658596], "RAC": [0.05915602866618786, 0.2497130682040786], "data_points": [77281.0, 1.0], "PKU": [0.05027351690322072, 0.2497130820238783], "CAMB": [-0.5110661459063871, 0.24971313692251068], "NTHU": [-0.13327035767987344, 0.24971311939721058], "SJTU": [0.7266009916492975, 0.24971310502760832], "NUCLEA": [-0.36597648801209587, 0.24971311340857985], "JMGR": [-0.041410750690032166, 0.24971314326530653], "IITB": [0.8384127392211765, 0.24971313426824768], "IPN": [0.12846455554033656, 0.2497131333150601], "AMU": [-0.07836967252433517, 0.24971312164878495], "CUUI": [-0.2491657396893566, 0.24971313536386097], "src": [0.0020330633770314042, 0.24971311898520757], "POST": [-0.3550753781093445, 0.2497131009214608]}