{"SJTU": [0.3559315276275205, 0.24975193967379522], "CUUI": [-0.41177328457635715, 0.2497518776725169], "data_points": [92366.0, 1.0], "IITB": [0.6218214728995803, 0.24975191742347005], "NTHU": [-0.29529489709029816, 0.2497519379669476], "RAC": [0.14369810078087264, 0.24975189662630642], "CAMB": [-0.8386487651792875, 0.24975192079005087], "UFC": [0.678584204614778, 0.24975193768376236], "POST": [-0.3998638106460637, 0.2497518916639747], "SOURCE": [0.7229739400772646, 0.24975193172054988], "AMU": [-0.12235949299215618, 0.24975193211801305], "UMC": [-0.1497390942560199, 0.2497519213931775], "IPN": [0.27472537170444533, 0.24975193005619292], "NUCLEA": [-0.6426984566007361, 0.24975192983968764], "PKU": [0.06264314618751042, 0.2497519269669374]}