{"JMGR": [0.33899941612392703, 0.2496304945324717], "UFC": [-0.3008315449698005, 0.24963047732104227], "NTHU": [0.027078233298276713, 0.24963050280975405], "CAMB": [0.2500951946491831, 0.24963038137056076], "SJTU": [-0.2573453643843296, 0.2496305049743909], "PKU": [-0.09529928023143674, 0.24963052208838035], "IPN": [-0.373955082951789, 0.2496304847354189], "NUCLEA": [0.7504333174162845, 0.24963049455854452], "data_points": [66977.0, 1.0], "AMU": [0.09274851446707533, 0.24963049240803367], "IITB": [-0.3733143316694549, 0.24963051673400527], "POST": [-0.005324686990379673, 0.24963046694311627], "RAC": [-0.09593882210930839, 0.24963052076226158], "UMC": [-0.09956026702146857, 0.24963044662827225], "CUUI": [0.14221477482656977, 0.2496304824049865]}