{"POST": [0.005118491612930675, 0.2497625844309049], "IITB": [-0.11721576955664245, 0.24976257780527505], "data_points": [94950.0, 1.0], "AMU": [0.21562607785005125, 0.249762577857542], "CUUI": [0.016555000634682373, 0.24976255516429], "PKU": [-0.11329977585199423, 0.24976257200719404], "UMC": [-0.1328609483537411, 0.24976256409611977], "IPN": [-0.5078155856627724, 0.24976258272172575], "CAMB": [0.08592338577826332, 0.24976256129793295], "SJTU": [-0.16701764276447034, 0.2497625446580625], "refmix1": [1.1003278382757629, 0.2497625866332161], "SOURCE": [-0.11721457665195165, 0.24976257830474688], "NTHU": [-0.2687353818719417, 0.24976256957491147], "UFC": [-0.07026761553771119, 0.24976256873573532], "RAC": [0.07087653782077215, 0.2497625629908225]}