{"UMC": [-0.1703116668275042, 0.2497517807487032], "NUCLEA": [-0.626143860799227, 0.24975177055240672], "RAC": [0.15065931064056384, 0.24975177357311082], "data_points": [92366.0, 1.0], "IPN": [0.26838019899723103, 0.24975178133089276], "CUUI": [-0.4349735533474911, 0.2497517595851208], "SOURCE": [0.7051852033876201, 0.24975177254607592], "SJTU": [0.3449452922782794, 0.2497517704378149], "CAMB": [-0.7987443083412635, 0.24975176231257265], "PKU": [0.09064077588976809, 0.24975178045874233], "NTHU": [-0.3007094888865596, 0.2497517741751508], "IITB": [0.6269260073302875, 0.24975178611010074], "POST": [-0.3984686442436682, 0.24975178852343183], "UFC": [0.6427025520755667, 0.24975177417380254], "AMU": [-0.1000878581231454, 0.2497517835748525]}