{"POST": [0.0414509291977936, 0.24972410895051322], "AMU": [0.05846151395260203, 0.2497241208700036], "SOURCE": [-0.24450647807074996, 0.24972411072874307], "NUCLEA": [0.6853960679013894, 0.24972411521265195], "IPN": [-0.24806129215151948, 0.24972404877794765], "NTHU": [0.038202965998419665, 0.24972410780644042], "UMC": [-0.05072248150906515, 0.24972409682791305], "IITB": [-0.21960803763056072, 0.2497241048147897], "RAC": [-0.03185860028147212, 0.24972411435909594], "CAMB": [0.21481711993130878, 0.24972408534265966], "CUUI": [0.17182367242346375, 0.24972410297562672], "PKU": [-0.05010557475161384, 0.24972410788104274], "data_points": [92366.0, 1.0], "SJTU": [-0.13160882645659971, 0.24972411183313534], "UFC": [-0.23368094574496343, 0.2497241106734756]}