{"RAC": [0.19307837292509739, 0.24980583797851563], "AMU": [-0.06608711244569414, 0.24980582643700774], "UFC": [0.5842760400167424, 0.24980583292857028], "IPN": [0.2049753656604002, 0.24980583498995668], "POST": [-0.3453097908573447, 0.2498057860628425], "UMC": [-0.15559570239216408, 0.2498058282453071], "PKU": [0.15559218087007998, 0.24980582828189854], "NTHU": [-0.3310141302325492, 0.24980583790225624], "CUUI": [-0.4061026949880135, 0.24980583194627506], "SJTU": [0.31550895365204357, 0.24980583274480206], "CAMB": [-0.7756441995119844, 0.24980583752252372], "IITB": [0.5588045956330101, 0.24980581583558684], "NUCLEA": [-0.5851124706846459, 0.24980583873264858], "data_points": [118938.0, 1.0], "SOURCE": [0.6526305710342745, 0.249805826766572]}