{"UFC": [0.5828877324633117, 0.24980651200531775], "NTHU": [-0.33812830805937233, 0.24980651157386496], "SOURCE": [0.6422459215939635, 0.2498065087123472], "CAMB": [-0.788130670569103, 0.24980651108824653], "CUUI": [-0.4190408644610678, 0.24980650994800715], "NUCLEA": [-0.5801327264255566, 0.24980651699879272], "RAC": [0.20383116044176985, 0.24980649986244685], "PKU": [0.1558348055539048, 0.24980649112168432], "POST": [-0.3389677590566711, 0.2498065134955234], "data_points": [119393.0, 1.0], "IITB": [0.5558396881150429, 0.2498065063702023], "UMC": [-0.1438722706005845, 0.24980650608295388], "IPN": [0.206830132081911, 0.2498064338926073], "AMU": [-0.05960854267681378, 0.2498065029882145], "SJTU": [0.3204116790530705, 0.24980650328295534]}