{"CUUI": [-0.2454833209243881, 0.2497251149768804], "NTHU": [-0.16525670629497496, 0.2497251118872273], "SJTU": [0.5905895715352708, 0.24972512475196457], "UMC": [-0.1412286882356624, 0.2497251258013777], "POST": [-0.40518625934103236, 0.24972502662627077], "PKU": [0.2018555312026945, 0.2497251101110029], "CAMB": [-0.5164531380948727, 0.2497250832658763], "NUCLEA": [-0.3075879199314128, 0.2497251123418246], "IPN": [0.0275468652722512, 0.24972509937055026], "src": [-0.006098135104183716, 0.24972512745910808], "RAC": [0.16729564858105458, 0.24972509059337009], "AMU": [0.000925116418293459, 0.2497251138245082], "JMGR": [0.02975932059093419, 0.24972513232840834], "IITB": [0.7576731577253566, 0.2497251137725442], "data_points": [77281.0, 1.0], "UFC": [0.011648982138927264, 0.24972510580210416]}