{"UMC": [0.17480246576592554, 0.24975454912629466], "NTHU": [0.27087169180210724, 0.24975454696248306], "CAMB": [1.0399021021902175, 0.24975455923081497], "AMU": [0.15377326546643091, 0.24975455546002884], "POST": [0.3839463570233326, 0.24975455269660046], "SJTU": [-0.4377637895553266, 0.24975453503429987], "UFC": [-0.7644608493703675, 0.24975454409021655], "IITB": [-0.7127993049932392, 0.24975452050679595], "RAC": [-0.13132601798419835, 0.2497544691670202], "PKU": [-0.04841491457037502, 0.24975454383320334], "IPN": [-0.31293205902453647, 0.2497545450551386], "CUUI": [0.37094935283322394, 0.24975455668294846], "SOURCE": [-0.832354012570907, 0.24975453718845175], "NUCLEA": [0.8458057574422775, 0.24975455795934165], "data_points": [92366.0, 1.0]}