{"UMC": [0.1788287719008255, 0.2497550308833761], "PKU": [-0.03897244847307192, 0.24975505951316063], "IITB": [-0.7036702697111367, 0.24975503900235832], "POST": [0.3765156005096216, 0.24975506179977452], "CAMB": [1.004949373948322, 0.2497550682711317], "RAC": [-0.1218914001200886, 0.2497550665525907], "IPN": [-0.3378358921570677, 0.249755051738364], "NUCLEA": [0.8598755947785094, 0.2497550710606355], "SOURCE": [-0.8125571965999464, 0.2497550635357284], "UFC": [-0.7738898069039079, 0.24975506729345254], "AMU": [0.16660684253804395, 0.24975504304942062], "data_points": [92366.0, 1.0], "CUUI": [0.36491792985242366, 0.24975505746493562], "SJTU": [-0.42585445123539367, 0.2497550524296287], "NTHU": [0.2629774025164956, 0.24975504190938427]}