{"UMC": [0.14649905500225624, 0.24975525491169906], "CUUI": [0.32778959370692107, 0.24975525354297395], "RAC": [-0.09311651671443871, 0.2497552263404897], "SJTU": [-0.4215250256028493, 0.24975524842660818], "UFC": [-0.7395533416035854, 0.24975526711746207], "SOURCE": [-0.7785251220714492, 0.24975524028666946], "IPN": [-0.39166617141971743, 0.2497552663750742], "PKU": [0.029399694597588934, 0.24975526270973117], "CAMB": [0.9613319390070763, 0.24975524985517625], "NTHU": [0.186099621447335, 0.2497552314950082], "data_points": [92366.0, 1.0], "AMU": [0.1918179900874219, 0.24975525813294228], "POST": [0.4079145420672103, 0.24975527055943458], "IITB": [-0.684330570212377, 0.24975525031716672], "NUCLEA": [0.8578643552534061, 0.2497552570799452]}