{"RAC": [0.1386001774623322, 0.24980644064425161], "SOURCE": [0.6914444737437759, 0.24980642357945312], "PKU": [0.08282453482884793, 0.24980642492392818], "UFC": [0.6403388793041782, 0.24980643204259675], "data_points": [119393.0, 1.0], "POST": [-0.3645839565082387, 0.24980643240430225], "UMC": [-0.12448186684761867, 0.24980644504646454], "CUUI": [-0.3909159089410855, 0.2498064349563581], "IPN": [0.2531496152441767, 0.24980643261463142], "NTHU": [-0.2960031896700508, 0.2498064245522733], "NUCLEA": [-0.6454804403100319, 0.24980644368190016], "IITB": [0.6003656998944866, 0.24980639423917636], "SJTU": [0.3579962199175678, 0.24980641953978905], "AMU": [-0.10293914896264836, 0.24980643655164866], "CAMB": [-0.8403151147982774, 0.2498064386688915]}