{"IPN": [0.24321368283798506, 0.2498065628298925], "SJTU": [0.35284905119850296, 0.24980656915313607], "data_points": [119393.0, 1.0], "POST": [-0.34244181923881284, 0.24980658193675345], "RAC": [0.1590681221890485, 0.2498065841369958], "CUUI": [-0.3936669525649782, 0.2498065723751208], "NTHU": [-0.3079712834025316, 0.24980657623932848], "UFC": [0.6076682009495893, 0.24980658055682078], "CAMB": [-0.8360041248342658, 0.2498065731741371], "UMC": [-0.14566707100214663, 0.24980658113819296], "SOURCE": [0.6643926077932415, 0.24980656350019523], "IITB": [0.5922255512408131, 0.24980657545546098], "PKU": [0.11645453791939973, 0.24980657954422902], "NUCLEA": [-0.6181922334297145, 0.2498065778117102], "AMU": [-0.0919282941026966, 0.24980658130672548]}