{"UMC": [-0.20015894627940486, 0.24975203940231497], "POST": [-0.27920664056951205, 0.24975204185712266], "NUCLEA": [-0.49064530101010007, 0.24975203814415303], "CUUI": [-0.41996055927678966, 0.24975202678670425], "data_points": [92366.0, 1.0], "AMU": [-0.055687989176491225, 0.24975203779249222], "SOURCE": [0.5701442404236408, 0.24975200999119865], "SJTU": [0.24115054714624523, 0.2497520367449194], "CAMB": [-0.683660483555706, 0.24975202539573854], "RAC": [0.21779162878569078, 0.24975202728149296], "IITB": [0.4866203625947343, 0.24975203344846422], "NTHU": [-0.33040196172999625, 0.24975201241085346], "PKU": [0.2241334809865981, 0.24975202254757217], "IPN": [0.17386470514413394, 0.24975202772628952], "UFC": [0.5460168900542212, 0.2497520403329321]}