{"PKU": [0.07725134139853818, 0.24980581110898134], "NTHU": [-0.3119079205919836, 0.2498058164486131], "UMC": [-0.12507684704435418, 0.24980581280268166], "AMU": [-0.0914380748840349, 0.24980581053722462], "IITB": [0.5870433227474352, 0.24980581566631918], "IPN": [0.2599996418318178, 0.24980580831021595], "SJTU": [0.33353526621982477, 0.24980581090414536], "UFC": [0.6370226719355991, 0.24980582424447], "CAMB": [-0.8420847263593931, 0.2498058254375049], "POST": [-0.3634543832475282, 0.24980582476236501], "data_points": [118938.0, 1.0], "CUUI": [-0.3973355018604913, 0.24980581680012856], "RAC": [0.1518645963308035, 0.2498058170645455], "SOURCE": [0.7012953054937092, 0.24980581670856536], "NUCLEA": [-0.6167147152974041, 0.24980581571950167]}