{"JMGR": [0.018479509400202397, 0.24972503319195968], "NTHU": [-0.15360967579500806, 0.24972501293880875], "IITB": [0.8323445785179959, 0.24972501003991787], "UFC": [0.012574995284054168, 0.24972503308263327], "UMC": [-0.11978274276332859, 0.24972500676394271], "NUCLEA": [-0.3635964413631655, 0.2497250294467575], "data_points": [77281.0, 1.0], "src": [0.019599040874986446, 0.24972502719093972], "PKU": [0.1804128265283898, 0.24972502760112777], "IPN": [0.10961754575473537, 0.2497250074411074], "AMU": [0.004065956478940423, 0.24972501411580472], "RAC": [0.09852944138101505, 0.24972503131865342], "CAMB": [-0.5561896052735322, 0.24972500405172526], "SJTU": [0.6146224633852683, 0.24972502043259104], "CUUI": [-0.25860773012152327, 0.24972496604278033], "POST": [-0.4384601572710997, 0.24972500458392766]}