{"NUCLEA": [-0.6325566283041761, 0.24980647420172877], "UFC": [0.6262161951721091, 0.2498064611792092], "UMC": [-0.1407608846684604, 0.24980647602263137], "RAC": [0.1502120875160104, 0.2498064775035665], "IITB": [0.5949806324526064, 0.24980648081604162], "CUUI": [-0.38253586456818084, 0.24980647332189673], "data_points": [119393.0, 1.0], "SJTU": [0.3345345801161056, 0.249806472510915], "IPN": [0.24452989886589993, 0.24980647125095798], "AMU": [-0.08666044221526843, 0.24980646803102036], "PKU": [0.0923997756036222, 0.24980647236977022], "CAMB": [-0.8173359108096874, 0.24980647606194137], "POST": [-0.3636242765583636, 0.24980646990889832], "NTHU": [-0.31562760124350603, 0.24980647049791901], "SOURCE": [0.6962284120746312, 0.24980647586640267]}