{"JMGR": [-0.006660177690148665, 0.2497253807818755], "UFC": [0.015345239386955964, 0.24972539464368104], "RAC": [0.12680920024927358, 0.2497253703675949], "NTHU": [-0.12884288394616397, 0.2497253966798788], "data_points": [77281.0, 1.0], "SJTU": [0.6384678469152437, 0.24972538245101558], "NUCLEA": [-0.3872574537724091, 0.2497253295100807], "IPN": [0.09465003494233054, 0.24972536810358476], "UMC": [-0.11368333837193047, 0.24972538068343414], "CAMB": [-0.580962813114575, 0.2497253509951887], "PKU": [0.18281549821379028, 0.2497253879271608], "src": [0.0005580763527012103, 0.24972536703258952], "POST": [-0.4129511155235274, 0.24972540115310107], "IITB": [0.8146061614012791, 0.2497253701163157], "AMU": [0.0024025184071588736, 0.2497252862180185], "CUUI": [-0.24529679084613812, 0.2497253833336663]}