{"NUCLEA": [-0.6486692453126235, 0.2498056862014077], "SJTU": [0.35347922598986614, 0.2498056834836319], "IITB": [0.6041041363937696, 0.2498056929538629], "UFC": [0.643628523422533, 0.24980569245729695], "UMC": [-0.13661272226131882, 0.2498056914344559], "RAC": [0.15282624638288847, 0.24980568285182023], "IPN": [0.2578412454273495, 0.24980565291929252], "CAMB": [-0.8305553310675352, 0.24980568213849755], "CUUI": [-0.3914504325921352, 0.2498056874647414], "POST": [-0.3771503788869903, 0.24980568957064028], "AMU": [-0.11282008407755158, 0.24980569115362533], "PKU": [0.07761391384575084, 0.24980568626351743], "data_points": [118938.0, 1.0], "NTHU": [-0.2937693276291249, 0.24980568481906656], "SOURCE": [0.7015342089214377, 0.2498056813876535]}