{"UMC": [-0.12448292415141961, 0.2498065473759957], "UFC": [0.6356760309864289, 0.24980654184166706], "IITB": [0.607307137722935, 0.24980653715544482], "NUCLEA": [-0.6398583472498118, 0.24980654929587207], "IPN": [0.2584146862988638, 0.24980653268691788], "AMU": [-0.07924371098906227, 0.24980652190264227], "data_points": [119393.0, 1.0], "POST": [-0.36278754863159246, 0.24980653948673598], "RAC": [0.13872069602433762, 0.2498065390840231], "CAMB": [-0.8489317509917437, 0.24980654129122049], "NTHU": [-0.3100042701299643, 0.2498065347479952], "SOURCE": [0.6908464138547317, 0.24980654560383822], "PKU": [0.06510876995943966, 0.24980654262794857], "SJTU": [0.3583534880190994, 0.2498065018266015], "CUUI": [-0.38911869275145133, 0.24980654093350857]}