{"SJTU": [0.5081447305213582, 0.2497251437248239], "CAMB": [-0.4883523174853283, 0.2497251037451586], "CUUI": [-0.21553593945514748, 0.24972513579630712], "UFC": [-0.014968466578380423, 0.24972512661983678], "RAC": [0.17468458856026878, 0.24972511270518952], "AMU": [0.05194306335866251, 0.24972513482334371], "UMC": [-0.14603127854029804, 0.2497251342358518], "POST": [-0.3741267914427286, 0.24972512238218122], "src": [-0.03548975067342613, 0.24972493780844515], "IITB": [0.6972220341277445, 0.2497251439359396], "NTHU": [-0.17837949823548863, 0.24972510428768813], "JMGR": [0.021629107822569008, 0.24972510324170918], "NUCLEA": [-0.21035857875362543, 0.24972512645231904], "IPN": [-0.029575405845494653, 0.2497251276995534], "PKU": [0.2391945056913751, 0.24972510022446578], "data_points": [77281.0, 1.0]}