{"POST": [-0.25865272760001357, 0.24980670707737873], "NUCLEA": [-0.42465608684718187, 0.24980672085146874], "PKU": [0.25074555567243934, 0.24980672128147027], "SJTU": [0.20885686827525843, 0.24980671222118317], "IPN": [0.1260332092395476, 0.24980671906248267], "data_points": [119393.0, 1.0], "NTHU": [-0.3383629385968972, 0.2498067204661573], "SOURCE": [0.520520167123035, 0.24980669229292005], "UMC": [-0.17163768903336596, 0.2498067185215564], "RAC": [0.2270483786754787, 0.2498067070900054], "IITB": [0.4499100005446458, 0.24980671885558373], "CUUI": [-0.37534548988016186, 0.24980670175256275], "AMU": [-0.0029947508745304524, 0.24980671975551139], "UFC": [0.48964445035424203, 0.24980671619678044], "CAMB": [-0.7011089670426318, 0.2498067141356226]}