{"POST": [-0.2372959837654105, 0.24980606019054222], "AMU": [-0.020426414251602295, 0.249806079295042], "SJTU": [0.22419680456914695, 0.24980608700523105], "RAC": [0.23596919217767615, 0.24980607508370928], "PKU": [0.25218596095143025, 0.24980608734275092], "IPN": [0.13468520879544957, 0.24980603785314726], "data_points": [118938.0, 1.0], "UMC": [-0.17926419293457357, 0.24980606741257835], "CUUI": [-0.4077758679875014, 0.24980607889992332], "CAMB": [-0.6970657384147314, 0.24980606475131462], "NUCLEA": [-0.45355135353342074, 0.24980608526771564], "NTHU": [-0.3115428295004795, 0.24980607792319862], "IITB": [0.4427367784880599, 0.2498060737269123], "SOURCE": [0.5322406044032781, 0.24980606171459463], "UFC": [0.4849078122120351, 0.24980607376615277]}