{"CAMB": [-0.5929734389321144, 0.2497253131236159], "PKU": [0.19501642397859523, 0.2497253233077515], "src": [0.011465812218443817, 0.2497253401859556], "data_points": [77281.0, 1.0], "IPN": [0.07838166772450784, 0.24972530282963953], "IITB": [0.8182970263905769, 0.24972530356745923], "POST": [-0.41035908122784276, 0.2497252740150871], "CUUI": [-0.25380112524948384, 0.24972531795098765], "NTHU": [-0.1776404752618744, 0.24972521128210556], "RAC": [0.10481245575459912, 0.24972533575840783], "AMU": [0.0240282992784081, 0.24972525092851533], "NUCLEA": [-0.309993903650285, 0.24972532165555456], "UMC": [-0.11461127642366396, 0.24972532960902347], "SJTU": [0.6026059779165628, 0.2497253139842095], "JMGR": [0.008502161269786963, 0.2497253213475694], "UFC": [0.016269480735864268, 0.24972529226394508]}