{"PKU": [0.11402102053602356, 0.24980562274074336], "NTHU": [-0.29280824863355887, 0.2498056187281935], "UFC": [0.6204381352151078, 0.24980562062027908], "IITB": [0.5699801105420883, 0.2498056253135208], "data_points": [118938.0, 1.0], "POST": [-0.3632158876259597, 0.24980560669098137], "IPN": [0.25568073001514097, 0.24980560050168574], "SJTU": [0.33665919334260763, 0.24980562959109828], "RAC": [0.17433485304148344, 0.24980562590509361], "AMU": [-0.0803864092633885, 0.24980561868223933], "CAMB": [-0.822382435474276, 0.2498056244767081], "UMC": [-0.13144674886264934, 0.2498056260838866], "CUUI": [-0.41643556655121294, 0.2498056215445264], "NUCLEA": [-0.6290870264238222, 0.24980562547478774], "SOURCE": [0.6646482550575424, 0.24980562996183184]}