{"CAMB": [-0.7862223335037392, 0.24980645034873822], "CUUI": [-0.4243060007859085, 0.24980644867794521], "NTHU": [-0.3204172099486343, 0.24980642427364852], "UFC": [0.6057519905090438, 0.24980644376408045], "RAC": [0.161344654687443, 0.24980644057464035], "IITB": [0.5815721981297973, 0.24980642598683062], "POST": [-0.35129686161769336, 0.24980644346243877], "AMU": [-0.0867794464647773, 0.24980644799085283], "IPN": [0.26248593026576045, 0.2498064353819075], "NUCLEA": [-0.6203480792961037, 0.2498064456301057], "SOURCE": [0.6786333163494148, 0.2498064451179819], "data_points": [119393.0, 1.0], "PKU": [0.11669282310194631, 0.249806444656987], "SJTU": [0.3289143549854922, 0.24980643858803703], "UMC": [-0.1460253581338345, 0.24980644398053367]}