{"UFC": [0.02347332757774267, 0.24970448183492694], "PKU": [0.3297205882042792, 0.24970446377728805], "CUUI": [-0.08686781692127034, 0.24970437388751004], "RAC": [0.15340573159836754, 0.24970448854554333], "src": [-0.0005528583336504003, 0.24970441654107756], "JMGR": [0.12826905343195968, 0.2497044509178677], "IITB": [0.00831762674961306, 0.24970444096201488], "data_points": [77281.0, 1.0], "NTHU": [-0.05932989504489443, 0.24970446299773003], "IPN": [-0.021808008409559775, 0.24970446373244637], "CAMB": [-0.1707790099686107, 0.2497044705324984], "SJTU": [-0.15155517325201445, 0.2497044714183833], "POST": [-0.22696168417552823, 0.24970445223657922], "NUCLEA": [0.014600922232866737, 0.24970448047350396], "UMC": [-0.14674978385012066, 0.24970446492496268], "AMU": [0.20681698280609548, 0.24970444029272398]}