{"PKU": [0.24649881496907458, 0.2497818078981334], "IPN": [-0.09213710697089181, 0.249781803569723], "AMU": [0.16733714689560997, 0.24978177364192028], "UFC": [-0.07159658463341514, 0.2497817992013585], "POST": [0.004925411974574364, 0.24978179413707327], "SJTU": [-0.14042751531941558, 0.24978180529357424], "UMC": [-0.06078441031669015, 0.24978180932665514], "NUCLEA": [0.10427080212626616, 0.24978180747950526], "data_points": [118938.0, 1.0], "SOURCE": [-0.06030455475397968, 0.24978178749381266], "RAC": [0.11388160610310237, 0.2497818001309286], "CAMB": [-0.001801689981669881, 0.24978178778564067], "IITB": [-0.07351764288654623, 0.24978180617538162], "CUUI": [-0.06919355457500023, 0.24978179876682427], "NTHU": [-0.06715072248240866, 0.24978180636344294]}