{"CAMB": [0.024899576043302195, 0.24972035970537457], "UMC": [-0.04484732581626453, 0.24972038248546105], "IPN": [-0.10639715660612606, 0.24972039953516512], "RAC": [0.12387350766523675, 0.24972039706221885], "AMU": [0.17645288919520274, 0.249720397670445], "UFC": [-0.08041693651637152, 0.24972038468471247], "data_points": [92366.0, 1.0], "IITB": [-0.07515916831693131, 0.24972034867194076], "POST": [-0.015154660417058633, 0.24972037143039166], "SOURCE": [-0.0488700034484728, 0.2497203818509794], "PKU": [0.25671174632537036, 0.24972038847871955], "CUUI": [-0.0804164992687513, 0.24972037563845123], "NTHU": [-0.07531394873929276, 0.24972037849272313], "NUCLEA": [0.11552249994297316, 0.24972032702962627], "SJTU": [-0.17088451395810877, 0.24972039253279474]}