{"UMC": [-0.11442505044416057, 0.24972502468318195], "PKU": [0.17709321792666533, 0.24972504701825812], "AMU": [-0.008498890985036011, 0.24972503801056503], "JMGR": [0.01072058997521519, 0.24972504071991594], "SJTU": [0.6587924937646514, 0.2497250617731199], "UFC": [0.014789785703899756, 0.24972504440068677], "src": [0.0107202187288657, 0.24972503301239715], "data_points": [77281.0, 1.0], "POST": [-0.4236748517203204, 0.249725023062331], "CAMB": [-0.5937134064068562, 0.24972505366833572], "RAC": [0.13032356097585407, 0.24972506508325645], "NTHU": [-0.13919323069109313, 0.24972502008525177], "IITB": [0.8151582600645236, 0.24972503357220882], "CUUI": [-0.266556159023158, 0.2497250455402375], "IPN": [0.09778970374797004, 0.24972505106356951], "NUCLEA": [-0.3693262296588228, 0.2497250574423131]}