{"NTHU": [-0.30784865936593725, 0.24980646922589583], "SJTU": [0.3601503736431362, 0.24980647064496878], "RAC": [0.13931964638357258, 0.24980645937567697], "NUCLEA": [-0.6286078716592373, 0.24980647399912967], "AMU": [-0.10114513634662564, 0.24980646707172371], "IITB": [0.6037151201093599, 0.24980645759038955], "CUUI": [-0.41389363806497886, 0.2498064681752836], "data_points": [119393.0, 1.0], "POST": [-0.3475884067435557, 0.2498064588259027], "UMC": [-0.13645196830856468, 0.24980643099748287], "PKU": [0.06427456449636328, 0.24980646563449846], "CAMB": [-0.8157796910590464, 0.2498064685030056], "IPN": [0.265715461066843, 0.24980647201484232], "UFC": [0.6197565951067521, 0.24980647081954657], "SOURCE": [0.6983835897915392, 0.24980647503626763]}