{"UMC": [-0.12988400198908814, 0.24980582418601982], "AMU": [-0.10104899380745533, 0.24980583929668396], "NTHU": [-0.30986767541517385, 0.2498058363654146], "PKU": [0.07605202511088256, 0.24980584396941083], "CUUI": [-0.4109111762484152, 0.24980581593699333], "SJTU": [0.34098349633427655, 0.24980584636659525], "RAC": [0.1477820137141412, 0.24980584386092397], "data_points": [118938.0, 1.0], "SOURCE": [0.6956488688517669, 0.24980583460325492], "NUCLEA": [-0.6189966930796752, 0.2498058278929988], "IITB": [0.6072279961396418, 0.24980584026554448], "POST": [-0.36585857728809096, 0.24980583535797224], "IPN": [0.25435806140859046, 0.2498058385556149], "UFC": [0.6561216366502671, 0.24980578835566103], "CAMB": [-0.8416070039471909, 0.249805845173136]}