{"SJTU": [-0.40791928253190335, 0.24980910296392858], "POST": [0.3805105871194503, 0.24980911142087245], "RAC": [-0.08653385004676695, 0.24980911868165273], "IITB": [-0.650289843211766, 0.24980912248842202], "NTHU": [0.1694943399770955, 0.24980911566658395], "CUUI": [0.2739858264548537, 0.24980911361482716], "UMC": [0.11443169556684953, 0.24980911406066264], "data_points": [119393.0, 1.0], "PKU": [0.039625981600543744, 0.24980910259092629], "UFC": [-0.7059442750073419, 0.2498091212234121], "IPN": [-0.34184385560267694, 0.24980911732858077], "SOURCE": [-0.7361020103938996, 0.24980911804642242], "CAMB": [0.9649227573260131, 0.24980912176423678], "AMU": [0.18912280065550816, 0.24980911337868783], "NUCLEA": [0.7965391531346194, 0.24980912068815314]}