{"UFC": [-0.6821517214704939, 0.2497517883648755], "NUCLEA": [0.688786735016299, 0.249751793569919], "RAC": [-0.08460930904214103, 0.24975178079191554], "data_points": [92366.0, 1.0], "AMU": [0.13968662831552786, 0.24975178001374027], "CAMB": [0.809730910668265, 0.24975179985640852], "IITB": [-0.6439439226707537, 0.2497517453258447], "PKU": [-0.009432725625723561, 0.24975179520299176], "CUUI": [0.4077498023713122, 0.24975180065275876], "SOURCE": [-0.737361338972185, 0.24975173701234818], "NTHU": [0.26034342161803353, 0.24975180805803043], "IPN": [-0.3215920899958366, 0.2497517975902331], "SJTU": [-0.38717296783352867, 0.24975178804322343], "UMC": [0.13210930664909887, 0.2497517907702035], "POST": [0.42785730488853363, 0.2497517938996502]}