{"IPN": [0.20473395232090438, 0.24980575762112842], "IITB": [0.5557998152932083, 0.2498057532634985], "RAC": [0.17505614523884283, 0.24980577246305813], "UFC": [0.5798267974334738, 0.24980577789121358], "data_points": [118938.0, 1.0], "SJTU": [0.2897984692255608, 0.24980578081386423], "POST": [-0.33101280136859584, 0.24980577665387044], "AMU": [-0.06488350043262858, 0.2498057782736236], "CUUI": [-0.41763378483787084, 0.24980577903839837], "UMC": [-0.14009551197701997, 0.24980578074784035], "SOURCE": [0.6503466274284972, 0.24980577282780758], "CAMB": [-0.7732425886121885, 0.2498057636126153], "NTHU": [-0.33569550906496565, 0.2498057787486792], "NUCLEA": [-0.5612033078192514, 0.24980578556049665], "PKU": [0.16820517580115488, 0.249805733722125]}