{"IPN": [0.2302874429476146, 0.24980655169285584], "CUUI": [-0.41652628838225303, 0.24980657480486496], "IITB": [0.548299599344959, 0.24980657276768597], "SOURCE": [0.6400898116342496, 0.24980655847675504], "RAC": [0.20479120002126164, 0.24980657774979798], "SJTU": [0.30760488874372444, 0.24980657658481445], "UFC": [0.5795358938375214, 0.24980657553125815], "UMC": [-0.132142048984212, 0.24980656873146811], "NTHU": [-0.3097635019298564, 0.24980657382212842], "CAMB": [-0.8076395175145314, 0.24980656580577532], "PKU": [0.14901421377757762, 0.24980656917052962], "POST": [-0.3402853940811481, 0.24980656912407234], "AMU": [-0.08139216205661932, 0.24980657684414415], "NUCLEA": [-0.5718741618558474, 0.24980657872796677], "data_points": [119393.0, 1.0]}