{"AMU": [0.02975779780319853, 0.24972523457989693], "IITB": [0.7853989912779646, 0.24972517886212223], "NUCLEA": [-0.31387715959379303, 0.24972524479094005], "CAMB": [-0.5382619785584276, 0.24972522328534164], "IPN": [0.05231793703803382, 0.24972523838900712], "UFC": [-0.017557308495612357, 0.2497251795687366], "SJTU": [0.584493290555895, 0.24972523316629175], "RAC": [0.1671048887809574, 0.24972521502634112], "PKU": [0.19298630902005964, 0.2497252101897129], "POST": [-0.4007491579444956, 0.24972523482049033], "JMGR": [0.02790941236157191, 0.24972523671676988], "NTHU": [-0.15749592181038302, 0.24972523726551257], "data_points": [77281.0, 1.0], "src": [-0.015153809538856502, 0.2497252438007212], "CUUI": [-0.2501012871424803, 0.24972524006850197], "UMC": [-0.14677199043286798, 0.24972522356811]}