{"PKU": [0.04237548608688963, 0.24975431078500487], "IITB": [0.6991844950343467, 0.2497543919614898], "RAC": [0.12838720198196235, 0.24975436859142303], "NUCLEA": [-0.8236837316974831, 0.24975439979826056], "CUUI": [-0.37697987012081857, 0.24975440087896675], "IPN": [0.3174198375146052, 0.24975439816002074], "NTHU": [-0.23807767172333308, 0.24975437593351646], "UFC": [0.7738908237004145, 0.24975440400729426], "SJTU": [0.4043578334926643, 0.2497544086190499], "AMU": [-0.1642894459757239, 0.24975437806873438], "CAMB": [-1.018398562519405, 0.24975439201360602], "UMC": [-0.18625344592085266, 0.24975431409886245], "SOURCE": [0.8134821931315522, 0.24975438737245645], "data_points": [92366.0, 1.0], "POST": [-0.37141518632418147, 0.24975439692216017]}