{"SJTU": [-0.40203499233552853, 0.24975494928672182], "CUUI": [0.3616710857488696, 0.2497549493300215], "data_points": [92366.0, 1.0], "IPN": [-0.35238466688104964, 0.2497549450989368], "SOURCE": [-0.8089959430885769, 0.24975496915605727], "NUCLEA": [0.8608052480050695, 0.24975497167972274], "NTHU": [0.2142578219580621, 0.2497549639156968], "UFC": [-0.7686318835333594, 0.24975494820972213], "PKU": [-0.03138970980492098, 0.24975494339593296], "AMU": [0.1615077082289541, 0.2497549624284753], "POST": [0.3902802722267559, 0.24975496276100279], "CAMB": [0.9951994926035889, 0.2497549687680516], "IITB": [-0.6953166708766814, 0.24975496913451228], "UMC": [0.1870230050696195, 0.24975496702716832], "RAC": [-0.11199072730955209, 0.24975496971840708]}