{"data_points": [92366.0, 1.0], "UMC": [0.16800305967889648, 0.2497547636661416], "SJTU": [-0.40451397825674984, 0.24975473459918585], "CAMB": [1.0307696021142374, 0.24975477221367365], "NUCLEA": [0.8161026980619284, 0.24975475764395927], "PKU": [-0.027215548171201396, 0.24975476354631843], "IPN": [-0.3502098877921555, 0.2497547499077676], "NTHU": [0.24054938958650401, 0.24975476918406286], "CUUI": [0.35965771891202514, 0.24975476402602712], "POST": [0.37961000392217786, 0.24975477446005906], "UFC": [-0.7636819147092273, 0.24975476305933048], "RAC": [-0.11044041893958467, 0.2497547687063216], "SOURCE": [-0.8099243422557714, 0.24975476608249902], "IITB": [-0.6919117787121025, 0.24975472718250277], "AMU": [0.1632054406380611, 0.24975476142144207]}