{"IPN": [0.2446248456560103, 0.24980566924742764], "CAMB": [-0.8095300911910004, 0.24980567922948205], "UFC": [0.6282482728225035, 0.2498056887466191], "SOURCE": [0.6657337000113781, 0.24980567993042954], "CUUI": [-0.38147671726726157, 0.24980568165099395], "SJTU": [0.3322113321986199, 0.24980568743533943], "UMC": [-0.15042968093822365, 0.2498056763985038], "NTHU": [-0.2925682303919241, 0.24980568594829194], "PKU": [0.07557343282904519, 0.24980567985426905], "RAC": [0.16832900108929927, 0.24980567426582873], "data_points": [118938.0, 1.0], "IITB": [0.588484853093444, 0.24980567102400422], "NUCLEA": [-0.6326895794003595, 0.24980568263384859], "POST": [-0.3528827825900655, 0.24980565901702284], "AMU": [-0.08362837725241423, 0.2498056775959951]}