{"UFC": [-0.003509056152827729, 0.2497252192166574], "IPN": [0.057675886519767725, 0.24972521576758183], "CUUI": [-0.2508445782526163, 0.24972520186417935], "NTHU": [-0.1628525238249552, 0.24972519413902833], "JMGR": [-0.010722033381957027, 0.24972521581529808], "src": [-0.00036707359702090666, 0.2497251839763919], "IITB": [0.7944573669116587, 0.24972521248578458], "AMU": [0.007578759029737842, 0.24972520296019546], "NUCLEA": [-0.3353168216966538, 0.249725233784349], "PKU": [0.18613907539012645, 0.24972517108975917], "CAMB": [-0.54972030546447, 0.24972522305288142], "RAC": [0.15453495188029007, 0.24972515958878358], "POST": [-0.4257002954285692, 0.24972521118547572], "SJTU": [0.6390209874303264, 0.24972518827969267], "data_points": [77281.0, 1.0], "UMC": [-0.10037432480920087, 0.24972516981060364]}