{"UMC": [-0.1757060046368327, 0.24980669476879735], "SOURCE": [0.5299718969868084, 0.24980670660510185], "POST": [-0.26020935566639325, 0.24980670687195647], "SJTU": [0.20072267190819681, 0.24980670223141666], "AMU": [-0.0016772252018947208, 0.24980671237630447], "CUUI": [-0.36804633362086997, 0.24980670850305559], "RAC": [0.2487147354685265, 0.2498066983790723], "IPN": [0.1092790784895806, 0.24980670960568105], "CAMB": [-0.6899812439287317, 0.24980671331724455], "UFC": [0.4663053188222428, 0.2498066971959079], "data_points": [119393.0, 1.0], "NTHU": [-0.3453042375041564, 0.24980668953577986], "NUCLEA": [-0.4175982570721864, 0.24980671472163585], "PKU": [0.25158624992511774, 0.24980670921626913], "IITB": [0.4519426880297527, 0.2498067065753885]}