{"POST": [-0.2487082294703594, 0.24980582586004463], "PKU": [0.2577141292085461, 0.2498058314293602], "CAMB": [-0.6922590592527406, 0.2498058129682384], "IPN": [0.11666437239203316, 0.24980582724843528], "AMU": [0.007684612140313916, 0.24980583223835673], "IITB": [0.4324053313211243, 0.24980582554672673], "CUUI": [-0.3880737859828157, 0.24980582371393728], "RAC": [0.24041310384964595, 0.24980582209101623], "SJTU": [0.21482501952674013, 0.24980582746365626], "data_points": [118938.0, 1.0], "NUCLEA": [-0.42856149651069875, 0.24980582036551802], "UMC": [-0.1858676062737443, 0.2498058263512299], "SOURCE": [0.5155395922773781, 0.24980581835371102], "UFC": [0.4781772367221547, 0.24980583784346402], "NTHU": [-0.3199532415089007, 0.24980583450212965]}