{"NTHU": [-0.187253508363373, 0.24972532112558452], "src": [-0.04491606115698138, 0.2497253039191235], "JMGR": [0.022551736750075827, 0.24972523341649133], "CAMB": [-0.49795993076734163, 0.24972533082744508], "IPN": [-0.004804970643516058, 0.24972532745547957], "SJTU": [0.5197883997989913, 0.24972533094407126], "UFC": [-0.03678397078796573, 0.24972532319657342], "CUUI": [-0.21257665194434144, 0.24972531110259333], "AMU": [0.044368571130461526, 0.2497253410311757], "POST": [-0.3757906510195573, 0.2497253193530008], "data_points": [77281.0, 1.0], "IITB": [0.7120083977140766, 0.24972532679207715], "NUCLEA": [-0.20148586697415213, 0.24972532554998983], "RAC": [0.16728936950271425, 0.24972533360079452], "UMC": [-0.16968982885163725, 0.24972532452150178], "PKU": [0.26525497381004975, 0.2497253386491075]}