{"RAC": [-0.10855719320179116, 0.24980648858535465], "SJTU": [-0.3783467265078486, 0.24980648295492078], "CUUI": [0.36721756938293604, 0.24980648696507368], "PKU": [-0.02405640622455145, 0.2498064924868933], "data_points": [119393.0, 1.0], "IPN": [-0.29216846373532424, 0.2498064822588689], "IITB": [-0.6250249169991132, 0.24980649084251788], "NTHU": [0.26236932171987537, 0.24980645723151534], "POST": [0.4085067511001439, 0.24980648827505367], "UMC": [0.12448516565500536, 0.2498064826847534], "NUCLEA": [0.6620024007526318, 0.24980649266435478], "AMU": [0.14279527026117614, 0.24980647964158223], "CAMB": [0.8263162997077104, 0.24980647877423404], "UFC": [-0.652789760492745, 0.24980647414153245], "SOURCE": [-0.712749288766179, 0.24980648568061745]}