{"UMC": [0.12173626455814028, 0.24980893806606042], "IITB": [-0.6668116362400567, 0.2498089382232726], "RAC": [-0.12878719699162489, 0.24980892502784247], "NUCLEA": [0.8118603313991998, 0.249808946647346], "UFC": [-0.7396959489569055, 0.2498089438048691], "SJTU": [-0.3941534149124058, 0.2498089522476976], "data_points": [119393.0, 1.0], "POST": [0.35824746712504957, 0.24980893898699819], "NTHU": [0.23484596676512287, 0.24980894271438858], "IPN": [-0.34208257643493006, 0.24980894426690958], "SOURCE": [-0.7720089467299089, 0.2498089483934488], "AMU": [0.16949545701993365, 0.24980895266560138], "CUUI": [0.33323433818953047, 0.24980894876676502], "PKU": [-0.0011925879655380535, 0.24980892112544753], "CAMB": [1.015312512826986, 0.24980894336258871]}