{"NTHU": [-0.20168829587620205, 0.24975295853784862], "CUUI": [-0.05846613477242829, 0.24975294708373078], "IITB": [0.1521979560550188, 0.2497528915332203], "UFC": [0.20664159049186462, 0.2497529433595507], "NUCLEA": [0.26803904683777174, 0.24975292261558327], "IPN": [-0.07764459259866194, 0.24975296086972015], "data_points": [92366.0, 1.0], "AMU": [-0.11863236363326654, 0.2497529570790264], "CAMB": [-0.21143263888176564, 0.24975294657392988], "PKU": [-0.11708577936299358, 0.24975295335226286], "POST": [-0.050114448407392084, 0.2497529388339846], "SOURCE": [0.1978228602012176, 0.24975294770199982], "SJTU": [0.13239782967801297, 0.2497529515611722], "RAC": [-0.002166145842783206, 0.24975295527705432], "UMC": [-0.11986889397143928, 0.24975292519861378]}