{"data_points": [119393.0, 1.0], "UMC": [-0.11478830291251238, 0.24980638715299713], "SOURCE": [0.6749283982450323, 0.24980640575509686], "IPN": [0.26344332669830645, 0.24980640690509517], "CAMB": [-0.8395983119368573, 0.24980640158703085], "POST": [-0.35728543902838406, 0.24980640269223592], "SJTU": [0.33525668090976013, 0.24980641008312565], "NUCLEA": [-0.6439297309620657, 0.24980640612373425], "UFC": [0.6367500029921922, 0.24980640767955573], "IITB": [0.5974963269086772, 0.24980640468360502], "CUUI": [-0.4036014587407698, 0.24980639690199505], "PKU": [0.09515032070652914, 0.24980640130527154], "RAC": [0.1506914204727903, 0.24980639789212003], "NTHU": [-0.29277141801160417, 0.24980640845614918], "AMU": [-0.10174183595297591, 0.2498063903808954]}