{"data_points": [77281.0, 1.0], "IPN": [0.10037123769218519, 0.24972519999600715], "CAMB": [-0.5946358956005785, 0.24972515605572068], "RAC": [0.11848861491625748, 0.24972519149598013], "src": [0.01922384866576031, 0.24972519211366176], "JMGR": [0.003510560810735522, 0.24972519393216863], "NTHU": [-0.1606359168976728, 0.24972518153051076], "UFC": [0.0018519214480884256, 0.24972519987407313], "IITB": [0.8192284214278824, 0.2497252024342843], "CUUI": [-0.2641526547000881, 0.24972520476947635], "SJTU": [0.6449384823483792, 0.24972519564004694], "UMC": [-0.12274434296798166, 0.2497251694791194], "AMU": [0.013495391864783152, 0.2497251319064495], "PKU": [0.20129886793552462, 0.24972517663983856], "POST": [-0.40888391386126777, 0.24972518838010568], "NUCLEA": [-0.37135461442170575, 0.2497252082026678]}