{"IITB": [0.6152742504045495, 0.24980577725123984], "NTHU": [-0.3050617657655751, 0.24980576894613113], "SJTU": [0.34134433710001527, 0.2498057890933823], "UMC": [-0.13733300779642837, 0.24980578612295207], "CUUI": [-0.41547562403562643, 0.24980578640835857], "AMU": [-0.10765998232401962, 0.24980579407443296], "NUCLEA": [-0.6238006464539863, 0.24980578057538572], "RAC": [0.13745005731025306, 0.2498057850140756], "SOURCE": [0.6952853614010771, 0.24980578824091715], "UFC": [0.6196022907695531, 0.24980579446910353], "IPN": [0.2900411804341823, 0.24980579619458673], "PKU": [0.07833635331171965, 0.2498057803394905], "data_points": [118938.0, 1.0], "CAMB": [-0.8363197693044674, 0.24980578467833503], "POST": [-0.35168305969480484, 0.24980579435645728]}