{"SOURCE": [0.6606833093692539, 0.24980645135669186], "SJTU": [0.3066484920568483, 0.24980644103278726], "RAC": [0.17355366224237037, 0.24980645019617634], "NTHU": [-0.30521784997010365, 0.24980644486544684], "PKU": [0.13405020587084127, 0.24980640941037868], "UFC": [0.6166382839009061, 0.24980644261996182], "NUCLEA": [-0.5986834323594815, 0.249806448430103], "data_points": [119393.0, 1.0], "IITB": [0.5705627101995673, 0.24980644606313102], "POST": [-0.34603099800464193, 0.24980644345691116], "CUUI": [-0.412576409985298, 0.24980643759675109], "IPN": [0.2521895724465248, 0.24980643445954204], "CAMB": [-0.823797149639234, 0.24980645141419655], "UMC": [-0.13704889501439013, 0.24980645208095065], "AMU": [-0.09097152134097762, 0.24980642519823165]}