{"PKU": [0.19353564446553326, 0.2497250333055499], "NTHU": [-0.16802641722658035, 0.24972499394788483], "AMU": [0.015341876293697102, 0.24972504368208484], "CAMB": [-0.5390025234592356, 0.24972504999200693], "NUCLEA": [-0.3696957303869593, 0.24972503493107234], "CUUI": [-0.24788681166923815, 0.24972501138242986], "RAC": [0.1478841143736436, 0.24972504671636933], "IPN": [0.068399899000766, 0.24972504908590654], "src": [0.004441031554612224, 0.24972498293515955], "data_points": [77281.0, 1.0], "UMC": [-0.1604473027468131, 0.24972502925458287], "POST": [-0.3950159993172025, 0.24972501655523868], "SJTU": [0.615538849121937, 0.24972503012607958], "JMGR": [-0.00018658244959404247, 0.2497250322983325], "UFC": [0.005734250659226506, 0.2497250037782768], "IITB": [0.8293857207695378, 0.2497250295936898]}