{"NTHU": [-0.31527124692649383, 0.2498057411105882], "UFC": [0.6006161193751895, 0.24980574085035506], "CUUI": [-0.40213855792573605, 0.24980573108443413], "PKU": [0.15006234239882102, 0.24980571339143479], "SJTU": [0.30109517261609103, 0.24980573835804187], "data_points": [118938.0, 1.0], "SOURCE": [0.6778604526594708, 0.24980572951920918], "CAMB": [-0.8349962604349777, 0.24980573469242046], "POST": [-0.3499966745957956, 0.2498057288556977], "RAC": [0.1784195568351923, 0.24980573586014415], "UMC": [-0.1298848515145062, 0.2498057298194445], "AMU": [-0.07521784444003274, 0.24980573352905605], "NUCLEA": [-0.6211551775918207, 0.24980574158064128], "IPN": [0.23981697351179995, 0.24980571740937918], "IITB": [0.580789972866767, 0.24980572898800854]}