{"IPN": [0.1543938416829639, 0.2498058671992721], "UFC": [0.5120594011616749, 0.24980586564001586], "IITB": [0.46736811863289296, 0.24980585488072118], "SJTU": [0.24005404596268673, 0.2498058406974283], "SOURCE": [0.5654012719297282, 0.2498058324762087], "POST": [-0.2690140581053286, 0.2498058609878859], "NUCLEA": [-0.4685702098407281, 0.24980586500682836], "UMC": [-0.17866157962002466, 0.24980586207757124], "NTHU": [-0.33677314764391086, 0.24980584850624946], "AMU": [-0.04421571383260176, 0.24980586742129435], "RAC": [0.2257562968616538, 0.24980583249657964], "PKU": [0.2541092993762998, 0.24980585915429385], "CAMB": [-0.7248184344477177, 0.2498058616233525], "CUUI": [-0.3970891546092598, 0.24980586379587924], "data_points": [118938.0, 1.0]}