{"IITB": [0.7186688698414753, 0.24972536444288848], "PKU": [0.24326362174222252, 0.24972532690681695], "UMC": [-0.1451106279847464, 0.24972535079878436], "CUUI": [-0.23808550314046883, 0.2497253582054256], "NUCLEA": [-0.27209236204543175, 0.24972537229718172], "IPN": [0.001293954612750942, 0.2497253462797569], "CAMB": [-0.5051742158769023, 0.2497253563246679], "SJTU": [0.5288500828413827, 0.24972536051955121], "data_points": [77281.0, 1.0], "JMGR": [0.0242121460423087, 0.2497253649182791], "src": [-0.0210707246987284, 0.24972532748067872], "UFC": [-0.020703112359839862, 0.24972536886174085], "AMU": [0.02939102896638584, 0.24972528785795173], "RAC": [0.20813946791477794, 0.24972530457914213], "POST": [-0.3659929409705283, 0.24972534246309602], "NTHU": [-0.1855896755523299, 0.24972537024349417]}