{"POST": [-0.35010081181816133, 0.24980652145001428], "NTHU": [-0.28714455865122934, 0.24980650335155205], "IPN": [0.25554017029804993, 0.2498065268248812], "SJTU": [0.3414785405154609, 0.24980652112595222], "CUUI": [-0.41425164822763205, 0.24980651587686137], "data_points": [119393.0, 1.0], "UMC": [-0.13908568168177823, 0.2498065064408886], "SOURCE": [0.6795902891915347, 0.249806528400142], "PKU": [0.11119443246676324, 0.24980650980697783], "NUCLEA": [-0.6388984953307876, 0.24980651751608868], "RAC": [0.1578728247261093, 0.24980652194653957], "CAMB": [-0.8388799744259684, 0.24980651960028988], "UFC": [0.609221178431822, 0.24980652552285704], "IITB": [0.5846849056190413, 0.24980650615267447], "AMU": [-0.07122119449658816, 0.24980649244629194]}