{"POST": [-0.2743341291118256, 0.24980668603889142], "SOURCE": [0.5457742113128049, 0.24980665201629298], "CUUI": [-0.4057479700188431, 0.24980666878995061], "AMU": [-0.00551000032309661, 0.2498066774018972], "RAC": [0.23076071216369315, 0.2498066846580463], "IPN": [0.15392482979765462, 0.24980666954435646], "NTHU": [-0.3222055706325123, 0.2498066787054624], "UFC": [0.5098724713479685, 0.24980667866151707], "IITB": [0.48330059029547506, 0.2498066752742047], "data_points": [119393.0, 1.0], "PKU": [0.23363251068126692, 0.2498066609220153], "UMC": [-0.16577326523449282, 0.24980668398215167], "NUCLEA": [-0.48354116037532946, 0.24980668233085898], "SJTU": [0.2464413028538263, 0.24980667894988506], "CAMB": [-0.7465945525641824, 0.2498066848918057]}