{"JMGR": [0.03142281550914309, 0.2497253019929842], "NTHU": [-0.18170628617310808, 0.2497252947520141], "RAC": [0.195938855457323, 0.24972530111827196], "CAMB": [-0.5073945502494431, 0.24972526730866484], "CUUI": [-0.25379719193183903, 0.24972530380248673], "IPN": [-0.0016588678808324509, 0.2497252369493673], "UMC": [-0.15194454412503378, 0.24972528129163257], "NUCLEA": [-0.2552784929949057, 0.2497252854398455], "SJTU": [0.5288528051108781, 0.249725301223547], "AMU": [0.007579511541394807, 0.24972528787157322], "PKU": [0.25120753953511843, 0.24972522316143972], "src": [-0.027541605226037432, 0.24972530883284508], "POST": [-0.3610053059875956, 0.249725278894956], "UFC": [-0.013491114669823726, 0.2497252125467175], "data_points": [77281.0, 1.0], "IITB": [0.7388164452344482, 0.24972526757182123]}