{"SOURCE": [0.5718910636458127, 0.24980586930001236], "PKU": [0.24485926378535006, 0.24980589684740773], "UFC": [0.521675352832386, 0.24980588602769857], "AMU": [-0.04541682329336403, 0.2498058850033143], "RAC": [0.22515863345196013, 0.24980588168392562], "UMC": [-0.16376537476382436, 0.24980588350514815], "data_points": [118938.0, 1.0], "NUCLEA": [-0.48527225260286333, 0.24980589277108292], "POST": [-0.2603632146282308, 0.24980588496422915], "CUUI": [-0.4046583437452249, 0.24980588099063694], "CAMB": [-0.7334718601517687, 0.24980588813961996], "SJTU": [0.23969521313699751, 0.2498058828887677], "IPN": [0.15186755916310063, 0.24980588156834635], "IITB": [0.48395026477905945, 0.24980589340378015], "NTHU": [-0.3461495014466237, 0.24980588899471562]}