{"NTHU": [-0.3144337208106193, 0.24980590647598125], "AMU": [-0.10080836754851967, 0.2498059205921429], "UMC": [-0.11354461786854121, 0.24980591528333113], "SJTU": [0.32704894647095173, 0.2498059078271226], "POST": [-0.3599698125221137, 0.2498059226276147], "SOURCE": [0.6700576725983607, 0.24980591277364186], "NUCLEA": [-0.6383411601042246, 0.2498059110206715], "CUUI": [-0.39565732073736454, 0.24980590953392592], "RAC": [0.14790337508231177, 0.24980587536516743], "data_points": [118938.0, 1.0], "CAMB": [-0.817940127982486, 0.24980592142268176], "UFC": [0.6228452297711282, 0.24980592156353348], "IITB": [0.594371185729733, 0.2498059154777397], "PKU": [0.11185788348732088, 0.24980591080537812], "IPN": [0.26661081370254847, 0.24980592094475973]}