{"UMC": [-0.13937602454272927, 0.2497251570514076], "JMGR": [0.009428092764413391, 0.24972511212683962], "data_points": [77281.0, 1.0], "IPN": [0.09575728508845915, 0.2497251751109463], "NUCLEA": [-0.38596663527896274, 0.2497251419831355], "CAMB": [-0.5807742062727731, 0.2497251344745329], "RAC": [0.10259056008553129, 0.2497251657623724], "src": [0.015340130918538152, 0.24972513483917316], "SJTU": [0.6382831534693487, 0.249725161384969], "UFC": [0.013493274117437584, 0.24972515933359316], "AMU": [0.006103725915352542, 0.24972502583583742], "CUUI": [-0.2408617561798114, 0.24972515531788234], "PKU": [0.17764346200021028, 0.2497251580512383], "IITB": [0.8306862004754842, 0.2497251610669116], "POST": [-0.4144305487045788, 0.24972515607195092], "NTHU": [-0.1279167028964757, 0.24972517063471947]}