{"NUCLEA": [-0.6204683394205024, 0.2498065207419148], "UFC": [0.6339958681663079, 0.24980653878565592], "CAMB": [-0.8303804759509401, 0.2498065351466216], "IITB": [0.5903103327335129, 0.24980654173077313], "UMC": [-0.12592051064659343, 0.2498065147089697], "SJTU": [0.32735436524121314, 0.24980653161288646], "CUUI": [-0.4027603131093458, 0.24980652935438644], "IPN": [0.2611666243747647, 0.24980653585906015], "SOURCE": [0.6833021344430925, 0.24980654345798042], "RAC": [0.14494615737941935, 0.2498065429716431], "AMU": [-0.09659152504052983, 0.24980654133081837], "PKU": [0.09527425429337835, 0.2498065381507774], "POST": [-0.3547715586092248, 0.2498065083485479], "data_points": [119393.0, 1.0], "NTHU": [-0.30545703956493114, 0.24980653299925867]}