{"NTHU": [-0.07113739548634589, 0.24972026477313922], "UFC": [-0.05923116488537438, 0.2497202847620421], "PKU": [0.2628973860113631, 0.24972028749099845], "AMU": [0.17397909800781827, 0.2497202980049092], "CUUI": [-0.08289177013240924, 0.24972028704314625], "NUCLEA": [0.13933845112422016, 0.24972027772070446], "CAMB": [0.03201253940881855, 0.24972027755135204], "SOURCE": [-0.07639672709629355, 0.24972024117244132], "RAC": [0.10423330701467307, 0.2497202934177895], "IITB": [-0.08149959400271152, 0.2497202792554379], "POST": [-0.007114516603172959, 0.2497202938895428], "data_points": [92366.0, 1.0], "UMC": [-0.05752915046008981, 0.2497202666748876], "SJTU": [-0.1688720147252287, 0.24972025803808942], "IPN": [-0.10778844343460088, 0.2497202553256409]}