{"UMC": [-0.13120538817829722, 0.24980589556843494], "AMU": [-0.09840549599944502, 0.24980588073989085], "NTHU": [-0.302539694282833, 0.24980587207017227], "PKU": [0.11173656553301836, 0.24980589480612], "NUCLEA": [-0.6292083139625138, 0.24980587736525708], "CUUI": [-0.41499535656412045, 0.24980588802099035], "IPN": [0.2360938378809149, 0.24980588499060785], "RAC": [0.15775559236908793, 0.24980588678245136], "data_points": [118938.0, 1.0], "CAMB": [-0.8221440810044424, 0.24980589125441363], "IITB": [0.5980951606676611, 0.24980589865920494], "UFC": [0.6228437113432103, 0.24980587705972507], "SJTU": [0.3388222439102598, 0.24980589865968897], "POST": [-0.36093022796183705, 0.24980589484317398], "SOURCE": [0.6940814180298801, 0.2498058854497628]}