{"CAMB": [-0.5584113771630187, 0.24972520356843386], "IPN": [0.08484891363569845, 0.24972518930199317], "UMC": [-0.14103847146110302, 0.24972516132866748], "CUUI": [-0.2787535143479704, 0.24972520908735463], "POST": [-0.41350471337456735, 0.2497252025422039], "AMU": [0.01996400317583904, 0.24972509408493915], "UFC": [0.03013606010196447, 0.24972518237902888], "JMGR": [-0.01275315664961795, 0.24972520242694526], "RAC": [0.1199720151929485, 0.24972521129454828], "NTHU": [-0.14548403166651092, 0.24972520125361436], "PKU": [0.18133770557937787, 0.24972517049699264], "IITB": [0.8188557099497503, 0.24972520898558498], "SJTU": [0.6495541591356343, 0.24972517763531082], "data_points": [77281.0, 1.0], "src": [0.006284320747283681, 0.24972520970770185], "NUCLEA": [-0.36100760349491556, 0.24972520295747047]}