{"UMC": [-0.14646650734723282, 0.2498058351040643], "NTHU": [-0.28908412681304885, 0.24980584056603605], "UFC": [0.6264486256140822, 0.24980584314655352], "RAC": [0.15090516287990363, 0.24980583602319692], "AMU": [-0.1012901390671053, 0.24980583229644457], "CUUI": [-0.40958951083468986, 0.24980583525831004], "NUCLEA": [-0.6555186613477915, 0.24980583952562563], "SJTU": [0.3426634038336976, 0.24980583100983259], "POST": [-0.3486744941220172, 0.24980582658159559], "SOURCE": [0.688680985155727, 0.24980584151713792], "IITB": [0.6054243127265895, 0.24980584319204804], "CAMB": [-0.838362080259708, 0.24980583530439138], "PKU": [0.11318015126387922, 0.24980584249233356], "IPN": [0.26168285397326563, 0.24980582310720006], "data_points": [118938.0, 1.0]}