{"NTHU": [-0.16414736722877107, 0.2497251330832734], "data_points": [77281.0, 1.0], "SJTU": [0.6336604340083044, 0.24972514847375074], "CAMB": [-0.5580409848301195, 0.2497251404104101], "JMGR": [-0.007395453685671876, 0.24972513421921583], "AMU": [0.023108324430315748, 0.2497251462548196], "src": [-0.010901246886550435, 0.2497251382846426], "NUCLEA": [-0.3574961800651123, 0.24972516039374987], "RAC": [0.11793673566792288, 0.24972515948813256], "PKU": [0.177641888804736, 0.2497251474066668], "POST": [-0.4155387814039402, 0.24972516265892433], "UFC": [0.009982910270376944, 0.24972512209733133], "CUUI": [-0.2674771758033214, 0.24972508999681803], "IPN": [0.09908512134013649, 0.24972513165884394], "IITB": [0.8397395344826425, 0.2497251029715171], "UMC": [-0.12015774251338497, 0.24972514453823672]}