{"SOURCE": [0.7002132914059217, 0.24980577758470987], "RAC": [0.1579951399928563, 0.2498057762893704], "IPN": [0.2589220591955337, 0.2498057873233359], "NTHU": [-0.28067288390518197, 0.24980577988819666], "POST": [-0.37763278563424724, 0.2498057746990951], "NUCLEA": [-0.630167859819657, 0.24980576043727606], "IITB": [0.6113119082703132, 0.24980577991658234], "data_points": [118938.0, 1.0], "AMU": [-0.10129141713936853, 0.24980578197286887], "UFC": [0.6381040137551526, 0.24980578238123247], "PKU": [0.06547985376517976, 0.24980577909330343], "UMC": [-0.1390168341913963, 0.24980578016964433], "CAMB": [-0.8494130487313798, 0.24980578556311636], "SJTU": [0.3539559901060549, 0.24980577065557874], "CUUI": [-0.40778744754034413, 0.2498057624681363]}