{"CUUI": [-0.4051579170703543, 0.24980667783744576], "AMU": [-0.10233869997130483, 0.24980667522342312], "SOURCE": [0.707841076789886, 0.24980668198063363], "CAMB": [-0.8288319155746573, 0.249806675109379], "UMC": [-0.13106422977477605, 0.24980668210872503], "SJTU": [0.36015162382833976, 0.24980667075121035], "NUCLEA": [-0.6543404639459968, 0.2498066849817192], "IITB": [0.6046789993072396, 0.24980668251003324], "UFC": [0.6415391613813266, 0.2498066769037669], "POST": [-0.38529182662543926, 0.24980666972807508], "PKU": [0.08198635789957763, 0.24980667378682714], "RAC": [0.1597842699448104, 0.2498066861929637], "data_points": [119393.0, 1.0], "IPN": [0.2466866310412491, 0.24980667553739958], "NTHU": [-0.2956430885820363, 0.24980667349878202]}