{"NUCLEA": [-0.3543520189905249, 0.24972489480437818], "POST": [-0.43771798027338943, 0.24972489471825401], "IITB": [0.8242173311189104, 0.24972488382390914], "UMC": [-0.1020412586438071, 0.24972490519265808], "data_points": [77281.0, 1.0], "IPN": [0.09815688671619838, 0.2497248669237245], "SJTU": [0.6637878368117103, 0.2497249000839284], "UFC": [-0.005356480828704616, 0.24972488510852292], "CAMB": [-0.5597047043010674, 0.24972490677900583], "AMU": [0.009611859802733456, 0.2497249001556822], "CUUI": [-0.25620331976067584, 0.24972490112832946], "PKU": [0.16248336372930106, 0.24972489432146736], "src": [0.00831876257315472, 0.24972490556494856], "JMGR": [-0.019592823009283878, 0.24972486857993056], "NTHU": [-0.13290747830392954, 0.2497249100727274], "RAC": [0.10130004236785087, 0.24972487849286787]}