{"NUCLEA": [-0.6486699407063031, 0.24980579351603033], "data_points": [118938.0, 1.0], "NTHU": [-0.30518085301095726, 0.24980576129784146], "IPN": [0.26421100793894664, 0.2498057901742373], "SOURCE": [0.7029775653732728, 0.2498057994234592], "UFC": [0.6348606314410082, 0.24980579167456282], "SJTU": [0.36380912794805703, 0.2498057743711744], "IITB": [0.6063847974918096, 0.24980577387782], "PKU": [0.08169709943157129, 0.24980579710478706], "RAC": [0.17072839328233716, 0.24980580252501025], "UMC": [-0.12279527927090017, 0.24980580262537688], "POST": [-0.3927706292147985, 0.24980579705671288], "CUUI": [-0.3978134200598548, 0.24980580182082426], "CAMB": [-0.8459352465334448, 0.24980580258493496], "AMU": [-0.11150327440446245, 0.24980574872776215]}