{"IPN": [0.2547031682558378, 0.249806491405272], "data_points": [119393.0, 1.0], "UMC": [-0.13991799205538008, 0.24980651149546598], "CAMB": [-0.8246392413714897, 0.24980651827236022], "RAC": [0.13548876351749112, 0.24980650417502265], "AMU": [-0.11981414734625692, 0.24980651271726254], "IITB": [0.6083869264174558, 0.24980651242692234], "POST": [-0.3805004667343766, 0.2498065163090643], "PKU": [0.07611837474176793, 0.24980651088815525], "CUUI": [-0.3977366751418361, 0.24980652053780983], "SJTU": [0.370440266081461, 0.24980652185755542], "SOURCE": [0.6898883253385425, 0.24980651409073795], "NUCLEA": [-0.6484728837531687, 0.2498065068299264], "NTHU": [-0.2706288649522713, 0.24980649829381002], "UFC": [0.6466844263119755, 0.24980651842119705]}