{"CUUI": [-0.22219352421189384, 0.24972495759233934], "NUCLEA": [-0.389289376224975, 0.24972498525074577], "JMGR": [0.020149570014247362, 0.24972499288976996], "IPN": [0.10074627533957364, 0.24972497715935005], "AMU": [-0.01552521153922224, 0.24972499909603596], "UMC": [-0.10739823013505784, 0.2497249937279476], "PKU": [0.14843738568366435, 0.24972498925229733], "UFC": [0.008507402085243237, 0.249724998707707], "POST": [-0.43716384596292074, 0.24972495811203738], "SJTU": [0.641234161503542, 0.24972496556469956], "data_points": [77281.0, 1.0], "IITB": [0.8332708422902795, 0.2497249930148678], "CAMB": [-0.569316297894511, 0.24972498136208027], "NTHU": [-0.14103881633251145, 0.2497249700404925], "src": [0.011649093810049761, 0.24972495181957], "RAC": [0.11793057329206451, 0.24972492819723555]}