{"NTHU": [-0.31167827174654034, 0.24980647421712943], "UFC": [0.6252588074832214, 0.24980649991572895], "CUUI": [-0.41018320447177226, 0.24980650367592996], "IITB": [0.5946212502073962, 0.2498065052652908], "UMC": [-0.12735834083739261, 0.2498064934732777], "IPN": [0.26212506890852144, 0.24980650298555115], "NUCLEA": [-0.6114929010544066, 0.2498064978945797], "SJTU": [0.3459070860215238, 0.24980648260923904], "CAMB": [-0.82595242953782, 0.24980649463199533], "PKU": [0.10688330061905352, 0.24980648722845925], "RAC": [0.1394386749408484, 0.2498065039767977], "POST": [-0.37056933267006437, 0.24980649339990318], "AMU": [-0.10377587226673321, 0.24980650129414195], "data_points": [119393.0, 1.0], "SOURCE": [0.6867761428827024, 0.24980649249928397]}