{"src": [0.0007410283284365816, 0.24972503563342738], "IITB": [0.8349324948574295, 0.24972504287299882], "AMU": [0.00610215225607807, 0.24972502437723643], "NTHU": [-0.14991431333075866, 0.24972500818169197], "JMGR": [-0.012016323498728944, 0.24972503768510165], "data_points": [77281.0, 1.0], "NUCLEA": [-0.37524075404701884, 0.24972503311705968], "CUUI": [-0.25213615193887706, 0.2497250165984764], "IPN": [0.0669225554803335, 0.24972504112256638], "UFC": [0.006473411384865753, 0.24972502091050983], "CAMB": [-0.5421475158964723, 0.24972505512749096], "UMC": [-0.1478765372645331, 0.24972504759565897], "RAC": [0.13253827688469189, 0.24972500236378828], "SJTU": [0.6307005294860268, 0.24972505208537063], "POST": [-0.3961305705414265, 0.2497250091665683], "PKU": [0.19705174276738446, 0.24972505035575843]}