{"NTHU": [-0.3016992138012615, 0.24980582287503372], "SOURCE": [0.6863956631555371, 0.24980581854444628], "IPN": [0.25303508194752167, 0.24980581057629256], "POST": [-0.36165119902241, 0.249805820999118], "CUUI": [-0.39601520373749344, 0.24980581470005445], "SJTU": [0.3388191468595439, 0.24980580313281328], "PKU": [0.08026089843065108, 0.2498058126541316], "AMU": [-0.08038466518001, 0.24980581584289605], "NUCLEA": [-0.6544388705602973, 0.24980580428987745], "data_points": [118938.0, 1.0], "RAC": [0.16160278618294802, 0.2498058124975904], "CAMB": [-0.8179419084848633, 0.24980581367683038], "UMC": [-0.13745612660411544, 0.2498058201985352], "IITB": [0.6095112999861494, 0.24980582145131833], "UFC": [0.6199622839547784, 0.249805812407034]}