{"AMU": [-0.0928864353534107, 0.24980662947396204], "SJTU": [0.3485403251399911, 0.249806619483682], "NUCLEA": [-0.6436859140257348, 0.24980662648839194], "POST": [-0.3680509967002062, 0.24980662594384942], "CAMB": [-0.8388797891353362, 0.249806634041005], "SOURCE": [0.6898851597143244, 0.24980663074478907], "data_points": [119393.0, 1.0], "NTHU": [-0.2780481360124895, 0.24980660472004088], "PKU": [0.049791528126697904, 0.2498066273699521], "IPN": [0.2787610252629124, 0.2498066363187654], "IITB": [0.605153276976322, 0.24980663797165323], "RAC": [0.14697810170581369, 0.24980662383901545], "UMC": [-0.13369718399750383, 0.24980661519965067], "UFC": [0.6392596955088025, 0.2498066267728143], "CUUI": [-0.40312068137488893, 0.2498066235095707]}