{"JMGR": [0.00277419754775897, 0.249725220440518], "NUCLEA": [-0.360270199868849, 0.24972521919760718], "CUUI": [-0.24178814867163606, 0.24972518240067798], "AMU": [0.02236556551354452, 0.2497252142688719], "RAC": [0.1358634401934939, 0.2497252088500003], "POST": [-0.429585722050848, 0.2497251877416881], "IITB": [0.831426821478347, 0.24972519268057175], "UMC": [-0.12181646885999198, 0.2497251368715194], "UFC": [-0.007023663804217238, 0.24972522215848308], "SJTU": [0.6552867106539032, 0.24972516944187087], "data_points": [77281.0, 1.0], "PKU": [0.16728909945350479, 0.24972516457833563], "IPN": [0.05952607354387916, 0.24972517252268067], "CAMB": [-0.5419611517858561, 0.2497252117625039], "NTHU": [-0.15878289219281166, 0.24972520942492532], "src": [-0.01330365616396879, 0.24972520364119172]}