{"SJTU": [0.3408610450544528, 0.24980581388831663], "SOURCE": [0.6771460063793875, 0.2498058090923579], "POST": [-0.36093337019984234, 0.24980582159826056], "IPN": [0.2503918592375078, 0.2498058110537005], "data_points": [118938.0, 1.0], "CAMB": [-0.8352351661792307, 0.24980581633270757], "UFC": [0.6370181409004815, 0.2498058225922179], "AMU": [-0.10717801894492905, 0.2498058268222549], "CUUI": [-0.3715052532626379, 0.24980582018809283], "RAC": [0.13288451648975746, 0.2498058156603283], "UMC": [-0.1344489813598972, 0.24980579275131354], "NTHU": [-0.2913640467667759, 0.24980582040052962], "NUCLEA": [-0.638938726822287, 0.2498058148397956], "IITB": [0.6146770532473279, 0.2498058108003507], "PKU": [0.08662491921156132, 0.24980580777600808]}