{"NTHU": [-0.2881231701172606, 0.24980586149112857], "SJTU": [0.34554979938841285, 0.24980586671083405], "data_points": [118938.0, 1.0], "CUUI": [-0.3734289007015281, 0.24980586060705917], "UFC": [0.63906767144285, 0.24980585590841511], "CAMB": [-0.8742841034580677, 0.24980585740261718], "AMU": [-0.09624546150963859, 0.24980585709810754], "SOURCE": [0.7012981441581972, 0.24980585818332762], "PKU": [0.07064409012247981, 0.24980586389197834], "IITB": [0.6188842069432454, 0.24980585859869597], "UMC": [-0.12820087531930538, 0.24980584703021877], "IPN": [0.2519532151637926, 0.24980585139626404], "RAC": [0.13564443103137547, 0.2498058439648558], "POST": [-0.36598111588578336, 0.24980584004071188], "NUCLEA": [-0.63677795443286, 0.24980585397734917]}