{"src": [0.018857806832274747, 0.249725180040584], "CAMB": [-0.5386321989476016, 0.24972519844281055], "JMGR": [0.0035128715355197326, 0.24972516876734896], "IITB": [0.8227351359954411, 0.24972519549655534], "NTHU": [-0.15453276680730943, 0.2497252129159866], "POST": [-0.4160904065367466, 0.2497251940328591], "SJTU": [0.646778249595883, 0.2497252064054068], "AMU": [0.015523228971554923, 0.24972521201854309], "RAC": [0.09871394964497018, 0.2497251843650814], "UMC": [-0.11719359687451407, 0.24972518782750705], "IPN": [0.07653024022308488, 0.24972517826122145], "data_points": [77281.0, 1.0], "PKU": [0.15212810953301334, 0.24972520586469632], "UFC": [0.012760381376487983, 0.2497251804109737], "NUCLEA": [-0.3752380818032007, 0.2497251478820251], "CUUI": [-0.24585290547833177, 0.24972520886762584]}