{"NTHU": [0.2420880560734273, 0.24975186982032624], "data_points": [92366.0, 1.0], "POST": [0.4247647555341096, 0.2497518870521906], "RAC": [-0.0931178849040946, 0.2497519014811472], "NUCLEA": [0.665126691419144, 0.24975191170198205], "IPN": [-0.29900934695329967, 0.24975189474396128], "CUUI": [0.4046597963907279, 0.2497519039926559], "UMC": [0.14757182082061562, 0.24975189782176122], "IITB": [-0.6383777786928111, 0.24975189710745954], "SJTU": [-0.38392349380299673, 0.24975189953481525], "CAMB": [0.8156084597844689, 0.24975190268469805], "PKU": [-0.008501805833932792, 0.24975189704049194], "AMU": [0.1307142586069522, 0.24975189915057244], "UFC": [-0.6759622686321269, 0.24975189347872445], "SOURCE": [-0.731641227602449, 0.24975191244872977]}