{"NTHU": [-0.274787398428133, 0.24980590199204802], "IITB": [0.6152765293099837, 0.24980588055151237], "data_points": [118938.0, 1.0], "CAMB": [-0.8550624809624151, 0.24980590356040347], "PKU": [0.0873470586097415, 0.24980589612993964], "RAC": [0.16387976108003177, 0.24980589846735693], "IPN": [0.2561617173422647, 0.24980589295136763], "UFC": [0.6281282970190685, 0.24980589552473054], "CUUI": [-0.41571902924132637, 0.24980590032472644], "SJTU": [0.3686165580517142, 0.24980589412855064], "POST": [-0.3746264766179224, 0.2498058930153979], "SOURCE": [0.6916837630597906, 0.24980589405257578], "UMC": [-0.128199873456584, 0.24980589026906336], "NUCLEA": [-0.6659706961469758, 0.24980590320798746], "AMU": [-0.09672775614398571, 0.24980590390414054]}