{"AMU": [-0.00092061944605633, 0.2497252821912619], "UMC": [-0.08355246224278509, 0.2497252419285537], "UFC": [0.007582998687980909, 0.249725203419165], "data_points": [77281.0, 1.0], "CAMB": [-0.5778192593062333, 0.24972524377452684], "CUUI": [-0.2724749274944744, 0.24972528546272374], "SJTU": [0.6464111072521042, 0.2497252590046695], "PKU": [0.1667360251615873, 0.24972527624499008], "IITB": [0.8001867301883571, 0.24972528277391207], "RAC": [0.13420310378623806, 0.2497252735013952], "NTHU": [-0.14214968320847945, 0.24972526739926157], "IPN": [0.09409065979747694, 0.24972528024716248], "src": [0.00277381694058788, 0.24972525543968838], "POST": [-0.4275493464871683, 0.24972527333080816], "NUCLEA": [-0.3534317131018276, 0.24972527019488688], "JMGR": [0.005913578995155818, 0.24972523499202293]}