{"POST": [-0.3455501322274811, 0.24980649100880487], "RAC": [0.20826277070316074, 0.24980650164500548], "AMU": [-0.07624698702272985, 0.24980649765144514], "PKU": [0.1572722019853634, 0.24980648781206313], "IPN": [0.2353127314602459, 0.2498064920495661], "SOURCE": [0.6573279071657184, 0.24980649502828176], "NTHU": [-0.32580282525706566, 0.2498064956479331], "IITB": [0.5575144943224446, 0.24980650525841358], "UMC": [-0.1691233861083573, 0.24980649899619337], "SJTU": [0.3132307917594794, 0.24980650526394996], "NUCLEA": [-0.5978457374762708, 0.2498064922385862], "CUUI": [-0.4141301394236312, 0.24980647332142092], "CAMB": [-0.7850203983573183, 0.2498064981682944], "UFC": [0.584798689137837, 0.2498065043236302], "data_points": [119393.0, 1.0]}