{"SJTU": [0.6037091598284747, 0.24972517819917203], "UFC": [-0.026245671852486614, 0.24972518988561665], "JMGR": [0.019778802197087813, 0.24972519509768812], "POST": [-0.3915031485897962, 0.24972519485267927], "PKU": [0.18891334232620466, 0.24972520176825355], "IITB": [0.8083137292666085, 0.2497251978945351], "NTHU": [-0.15878690903098808, 0.2497252045640552], "AMU": [0.007945673399994973, 0.24972516602904593], "CUUI": [-0.2452918892855946, 0.24972511425917202], "IPN": [0.05712038605565185, 0.24972517984257744], "RAC": [0.17671540971631763, 0.24972520171309665], "src": [-0.016818475113075285, 0.2497251737357266], "UMC": [-0.1325340257276331, 0.24972520076166474], "data_points": [77281.0, 1.0], "CAMB": [-0.555819734777536, 0.24972521927875765], "NUCLEA": [-0.33549663187170203, 0.24972518864584836]}