{"POST": [-0.33497981514625064, 0.24980582803533233], "AMU": [-0.09720107798413034, 0.2498058141506492], "RAC": [0.20233058174183913, 0.24980582061461767], "IITB": [0.5566428257614072, 0.24980583141150164], "NUCLEA": [-0.6016946166729172, 0.24980583633595352], "NTHU": [-0.3067451746559341, 0.24980582754838826], "SOURCE": [0.6538329620680438, 0.2498058275845037], "UMC": [-0.15138852145632176, 0.2498058134419953], "UFC": [0.6087848351010422, 0.249805798813997], "data_points": [118938.0, 1.0], "PKU": [0.12939914542000863, 0.24980581685790948], "CUUI": [-0.4117514880848519, 0.2498058285319376], "SJTU": [0.308183586382017, 0.24980582034534143], "CAMB": [-0.7877816712853024, 0.2498058282258743], "IPN": [0.2323684069314514, 0.24980581482768105]}