{"NUCLEA": [-0.34696131932792174, 0.24972526992791003], "PKU": [0.15970867002668096, 0.24972525582731772], "CAMB": [-0.5428879976695623, 0.24972528256180157], "data_points": [77281.0, 1.0], "RAC": [0.12310983984259273, 0.2497252702976582], "IITB": [0.8216277108513369, 0.24972526994023345], "AMU": [0.02144037067373153, 0.24972525007953222], "JMGR": [-0.01866335407425363, 0.24972523619155054], "UMC": [-0.098525762777154, 0.2497252258353953], "IPN": [0.07634781712333895, 0.24972526565317515], "SJTU": [0.6538072603894246, 0.249725269027171], "POST": [-0.4456660109366317, 0.24972526866464706], "NTHU": [-0.16008010069415077, 0.24972522876982445], "CUUI": [-0.2617474532611563, 0.24972525379834767], "UFC": [0.01368213502450523, 0.2497252301424776], "src": [0.004808204270039451, 0.24972526448182747]}