{"PKU": [0.07552273903941362, 0.24980651958119687], "CAMB": [-0.8435471478132105, 0.2498065194944464], "POST": [-0.38277593865894344, 0.24980649941914468], "NTHU": [-0.3191017648761987, 0.24980651409194826], "RAC": [0.14410594088889064, 0.2498065302550535], "IITB": [0.6079076082725865, 0.2498065298040769], "AMU": [-0.10438060285386785, 0.24980652279000298], "UMC": [-0.13704877007402738, 0.24980651214655503], "NUCLEA": [-0.6350712984122137, 0.2498065324428999], "SJTU": [0.36422359384891495, 0.2498065257326891], "SOURCE": [0.7040104301500814, 0.2498065249728426], "CUUI": [-0.4020441546625029, 0.2498065233633018], "data_points": [119393.0, 1.0], "IPN": [0.27972076442559163, 0.24980652090085462], "UFC": [0.648478578886227, 0.2498065252657105]}