{"UMC": [-0.1380528779406199, 0.24980580109585515], "UFC": [0.6390654128802977, 0.24980582217250563], "RAC": [0.15511212153482906, 0.24980580748122622], "CAMB": [-0.8483347873742284, 0.249805822647029], "data_points": [118938.0, 1.0], "POST": [-0.3657362854481597, 0.24980582526249956], "IITB": [0.6103483692768351, 0.24980581472431068], "SOURCE": [0.7041791857955548, 0.24980581838489105], "NTHU": [-0.28235726517826165, 0.24980580660685442], "SJTU": [0.3492726827488242, 0.24980581761456339], "CUUI": [-0.3985374099968214, 0.24980581546091327], "PKU": [0.06115351879251851, 0.24980581722093329], "NUCLEA": [-0.6527548737072606, 0.24980582777974766], "IPN": [0.2672087846397704, 0.24980581477816433], "AMU": [-0.10056659545312506, 0.2498058162461912]}