{"POST": [-0.4049672261589584, 0.24975199759000452], "NTHU": [-0.2819953178533676, 0.24975200745857729], "UFC": [0.6539971798133623, 0.24975199842428916], "CAMB": [-0.8194706535077149, 0.24975201018118606], "SJTU": [0.32978678129164446, 0.24975199930085326], "RAC": [0.13225392669642172, 0.24975198383825334], "NUCLEA": [-0.6600166772600088, 0.24975200655168997], "data_points": [92366.0, 1.0], "PKU": [0.11832917084255018, 0.24975199606013124], "SOURCE": [0.7276111022892351, 0.24975197893674717], "CUUI": [-0.4303310808446342, 0.2497519982859262], "AMU": [-0.10952745676049119, 0.24975193787802277], "UMC": [-0.17479453328569872, 0.24975198178745492], "IPN": [0.29776346936568887, 0.24975198754972808], "IITB": [0.62136128326973, 0.24975199193692052]}