{"CAMB": [-0.5373411881790345, 0.24972485333425656], "src": [-0.010534819029003396, 0.2497248791133463], "UFC": [0.02255639447626146, 0.2497247753974113], "JMGR": [-0.013868079195454158, 0.24972486771877517], "IITB": [0.8275413594891177, 0.24972487459103515], "POST": [-0.42163507274588097, 0.24972484792710706], "RAC": [0.11164914590136737, 0.24972484759558977], "SJTU": [0.6375380747707987, 0.24972484817455812], "UMC": [-0.15194111455293052, 0.24972486168701308], "NTHU": [-0.15989187387158726, 0.2497248653883858], "CUUI": [-0.24474368381530628, 0.24972484507569312], "NUCLEA": [-0.38189433926142397, 0.2497248617777715], "AMU": [0.017930408187957537, 0.2497248082274767], "PKU": [0.19316751733267984, 0.2497248627271715], "data_points": [77281.0, 1.0], "IPN": [0.11146729175247659, 0.24972485593637656]}