{"UMC": [-0.11550794511968097, 0.24980657925713992], "IITB": [0.5988130382087843, 0.24980655681013705], "CAMB": [-0.8677228263704655, 0.24980657961917233], "SJTU": [0.3548826877341817, 0.24980657655543034], "AMU": [-0.08845656778391814, 0.24980656986979688], "IPN": [0.26427719170183417, 0.24980656164950532], "NUCLEA": [-0.6392592277845479, 0.24980657248054616], "RAC": [0.1377656486633764, 0.24980657866038175], "data_points": [119393.0, 1.0], "NTHU": [-0.3015073706816777, 0.24980657966101874], "PKU": [0.07947344320332936, 0.2498065763836294], "UFC": [0.6452478381722733, 0.24980656956796488], "SOURCE": [0.6920415827365453, 0.24980658153401844], "POST": [-0.3546509914278177, 0.24980656686953787], "CUUI": [-0.4053965260659631, 0.24980657471863682]}