{"POST": [-0.3562442795709622, 0.24980588040455445], "RAC": [0.138651243802033, 0.2498058733135452], "SJTU": [0.3365376880247672, 0.24980587291235323], "CAMB": [-0.8438892163750961, 0.24980588741493825], "UMC": [-0.14418240029546509, 0.24980587808598603], "data_points": [118938.0, 1.0], "SOURCE": [0.6930044009549076, 0.2498058894978286], "CUUI": [-0.39048440196141454, 0.2498058765817929], "IITB": [0.6068645316820871, 0.24980588022086353], "IPN": [0.27417403361923287, 0.24980588528285025], "NUCLEA": [-0.6421803341387856, 0.2498058813891721], "UFC": [0.6313749431041867, 0.24980588586822247], "NTHU": [-0.2934069127930122, 0.24980585978929948], "PKU": [0.07569122804081434, 0.24980588196628203], "AMU": [-0.08591054649483465, 0.2498058887959104]}