{"PKU": [0.1704317710767043, 0.2497249974015402], "UMC": [-0.14455437853472483, 0.2497249485297268], "UFC": [5.795591813238234e-06, 0.24972500740305142], "NUCLEA": [-0.35102985265491143, 0.24972500492127303], "AMU": [0.0293930069653297, 0.24972497701850957], "JMGR": [-0.013865073488958907, 0.24972498009096508], "data_points": [77281.0, 1.0], "SJTU": [0.6345819219412107, 0.24972502859686133], "POST": [-0.4029678989952349, 0.24972501692472193], "RAC": [0.15194570147736478, 0.24972497098686822], "CUUI": [-0.26544318040197745, 0.24972502047976233], "NTHU": [-0.15102420856927942, 0.24972500952311952], "IPN": [0.06266993152812277, 0.24972501634672237], "IITB": [0.8077649687532712, 0.24972499847837076], "CAMB": [-0.5234776945978047, 0.24972493703269233], "src": [-0.0044308013017448225, 0.24972499226991932]}