{"SOURCE": [0.6639139458922889, 0.24980652200416562], "data_points": [119393.0, 1.0], "CAMB": [-0.8513248209634324, 0.24980653043345766], "AMU": [-0.07409206578377689, 0.24980652926489166], "CUUI": [-0.41820407135227056, 0.24980653890277024], "PKU": [0.12998400916042602, 0.24980653401072556], "RAC": [0.16182135534124467, 0.24980653785888424], "POST": [-0.34040486149176924, 0.24980652295646533], "IITB": [0.5870783682393179, 0.24980652415760793], "UFC": [0.6204712072507084, 0.24980654133296853], "NUCLEA": [-0.604671511361438, 0.24980651706931192], "NTHU": [-0.2956419889215687, 0.2498064910100487], "SJTU": [0.3334583147693036, 0.24980653173325956], "IPN": [0.23124612669338077, 0.249806542091128], "UMC": [-0.14363402980493417, 0.24980653236853326]}