{"IPN": [0.24582687066912803, 0.24980581346811973], "POST": [-0.33665822876457036, 0.24980582119584085], "CAMB": [-0.8149324287274814, 0.2498058215461141], "SJTU": [0.3233215270526738, 0.24980580542274725], "NUCLEA": [-0.6141874640584437, 0.24980582176901336], "SOURCE": [0.674015363409767, 0.24980581999498036], "CUUI": [-0.41103106895445257, 0.24980580787241066], "data_points": [118938.0, 1.0], "UFC": [0.6187550943984855, 0.2498058249700687], "UMC": [-0.14021564430471076, 0.24980581805663835], "RAC": [0.15150680061538868, 0.24980582097495835], "AMU": [-0.09576088140950878, 0.24980582330182496], "NTHU": [-0.31022709752014926, 0.2498057960051496], "IITB": [0.5815120664536958, 0.249805825896838], "PKU": [0.12807506818728687, 0.24980581231376128]}