{"UMC": [-0.12998925214730164, 0.24980653902871175], "CAMB": [-0.8514458625992303, 0.24980655994585702], "AMU": [-0.09456148966932032, 0.24980656113494545], "IPN": [0.25997294609896354, 0.24980655628606435], "NTHU": [-0.2715855120997751, 0.2498065682235676], "PKU": [0.06080187992435179, 0.24980656278504917], "SOURCE": [0.6946724945503769, 0.24980655833010934], "data_points": [119393.0, 1.0], "CUUI": [-0.3934271124249425, 0.24980656175172336], "UFC": [0.6365108644711615, 0.24980656850470462], "IITB": [0.6035994643112549, 0.24980654526474325], "POST": [-0.36410294923937925, 0.24980656145486105], "SJTU": [0.36266307907104056, 0.24980656619513308], "RAC": [0.1151415260495883, 0.2498065550166032], "NUCLEA": [-0.6282500994313392, 0.24980655014608685]}