{"CAMB": [-0.5665455536424218, 0.24972528493398782], "IITB": [0.8303166902474514, 0.24972527649215273], "NUCLEA": [-0.38892143608729823, 0.2497252667154115], "RAC": [0.11036039804902213, 0.24972528157063206], "IPN": [0.09556703794446261, 0.24972517287671556], "AMU": [0.0027692309257309963, 0.24972526238457157], "SJTU": [0.6373569205169313, 0.2497252664923017], "PKU": [0.174870565030206, 0.24972521828561262], "src": [0.004628589717590387, 0.24972526483886093], "UFC": [0.01848659091192188, 0.2497252749141354], "JMGR": [0.014602277720019778, 0.2497252566264623], "CUUI": [-0.26932480461925107, 0.24972527918718465], "data_points": [77281.0, 1.0], "POST": [-0.43088337915483443, 0.24972526592492617], "NTHU": [-0.12311134680744448, 0.2497252769831284], "UMC": [-0.11017176199056673, 0.24972528288078433]}