{"AMU": [-0.1184725000953774, 0.24980577063981826], "IITB": [0.6127537008871508, 0.24980575398346144], "POST": [-0.3622553365398612, 0.2498057824676561], "UMC": [-0.12976670475239335, 0.24980577385102998], "CAMB": [-0.8589039954128385, 0.24980577320502112], "PKU": [0.06944502140150849, 0.24980575807289407], "NTHU": [-0.2842817427102243, 0.24980577423506223], "SJTU": [0.35203634543984813, 0.24980576258515766], "SOURCE": [0.6925244067622478, 0.2498057764105662], "CUUI": [-0.3740248492381916, 0.249805771978038], "data_points": [118938.0, 1.0], "RAC": [0.12315153303215236, 0.24980576761449622], "NUCLEA": [-0.6277639134348273, 0.24980576827590498], "IPN": [0.25724256980638716, 0.24980577676769872], "UFC": [0.648315445256251, 0.249805770322369]}