{"IITB": [0.19258205232365902, 0.24974716511730177], "POST": [-0.3695088192584948, 0.24974715072110537], "SOURCE": [0.2521307127462136, 0.24974716924726623], "UMC": [-0.14863990096562274, 0.24974711242998876], "NUCLEA": [1.1656935689861967, 0.24974714724688551], "PKU": [-0.16426125579809808, 0.2497471643560057], "CUUI": [-0.1515782527961596, 0.24974715847128828], "SJTU": [0.14075805789957488, 0.24974715339683484], "RAC": [-0.12080139169213562, 0.24974715106088693], "data_points": [92366.0, 1.0], "UFC": [0.26357420744404764, 0.2497471444512884], "NTHU": [-0.3450647276936323, 0.2497471704587377], "IPN": [-0.22102662435208717, 0.2497471678697899], "CAMB": [-0.4019833099181164, 0.24974713961569112], "AMU": [-0.09187428504028645, 0.24974716152799195]}