{"NUCLEA": [-0.6158702712501517, 0.24980596937908067], "PKU": [0.12459232106855264, 0.24980598684819874], "RAC": [0.1789005135328917, 0.2498059803781003], "NTHU": [-0.3153950943144674, 0.24980598500215767], "CUUI": [-0.42460741977340893, 0.2498059829757242], "CAMB": [-0.8365586774374839, 0.2498059729201932], "POST": [-0.3353401760413721, 0.24980599147255253], "UMC": [-0.1356509443477391, 0.24980598287438915], "UFC": [0.6236845189204314, 0.24980598161466466], "AMU": [-0.08014187098608969, 0.24980597654470643], "SJTU": [0.32643994092773065, 0.24980599142795132], "SOURCE": [0.6754619943551803, 0.24980597483425365], "IPN": [0.2435430725012495, 0.2498059904982883], "IITB": [0.5709420645145046, 0.24980598982785798], "data_points": [118938.0, 1.0]}