{"CUUI": [-0.25897619175813674, 0.24972505484978344], "SJTU": [0.6231229947232354, 0.2497250811828776], "AMU": [0.016453917725300162, 0.24972505679271462], "RAC": [0.1404857795585959, 0.24972504293175884], "JMGR": [0.00036553842642216683, 0.24972507148575043], "POST": [-0.4303255194301484, 0.24972508162014828], "NUCLEA": [-0.33678860861752463, 0.24972506320036858], "src": [0.0033315522114407544, 0.24972493229568357], "IPN": [0.07024758910718125, 0.24972504510572263], "UMC": [-0.12976664132005059, 0.2497250817543656], "data_points": [77281.0, 1.0], "IITB": [0.8020323618314252, 0.24972505533064687], "CAMB": [-0.5436273437528719, 0.24972507617520068], "UFC": [0.017567004472563638, 0.24972505785219037], "NTHU": [-0.1656256913036412, 0.24972507122517454], "PKU": [0.19150327625315308, 0.24972507777395175]}