{"IPN": [0.09409388881905871, 0.24972512671670813], "NUCLEA": [-0.3562006287896841, 0.2497251328995228], "IITB": [0.8390027285304902, 0.24972513519654368], "data_points": [77281.0, 1.0], "SJTU": [0.6329223709494277, 0.24972513264079738], "RAC": [0.09797018972963095, 0.2497250618601018], "NTHU": [-0.14251990127093844, 0.24972509337069473], "PKU": [0.18466662511930582, 0.2497251283226087], "AMU": [-0.0012930572346915292, 0.24972512980516193], "JMGR": [0.00036522023927253736, 0.24972514532796095], "CAMB": [-0.5375268542751214, 0.2497251290861844], "POST": [-0.4342053439191292, 0.24972512107264866], "CUUI": [-0.2745033107499576, 0.24972511383598023], "UMC": [-0.11904287627841875, 0.2497250687094067], "src": [-0.003879335249435129, 0.24972512180424378], "UFC": [0.020150299597147366, 0.24972511834776803]}