{"RAC": [0.1524680810065565, 0.2498058125497756], "POST": [-0.36765867655155887, 0.24980581914142447], "NUCLEA": [-0.6663316635651984, 0.24980582352329953], "SJTU": [0.3618874519924227, 0.24980581166431792], "IITB": [0.6102324600335578, 0.24980581896374923], "CUUI": [-0.38724083311183, 0.24980582264943543], "UMC": [-0.11162237972271619, 0.24980582247273533], "AMU": [-0.10741724229218086, 0.24980581409888908], "IPN": [0.25916199245394994, 0.24980581572766847], "UFC": [0.6390637112081776, 0.2498057979741129], "NTHU": [-0.2845183123780315, 0.24980580630518645], "CAMB": [-0.8474944801993382, 0.24980582085872735], "data_points": [118938.0, 1.0], "PKU": [0.06391626863891893, 0.249805810454108], "SOURCE": [0.6855535951842919, 0.24980581588500803]}