{"IITB": [0.5824761775908887, 0.24980578300273917], "AMU": [-0.08843201131720484, 0.24980577842926754], "PKU": [0.11377845268812606, 0.24980577520250585], "UFC": [0.6272873307479571, 0.24980575441843234], "SJTU": [0.3437419660869876, 0.2498057860214232], "CUUI": [-0.4022607488083857, 0.24980578132717873], "NTHU": [-0.31791970960355226, 0.24980578459720432], "NUCLEA": [-0.6163534071280667, 0.24980577024215408], "data_points": [118938.0, 1.0], "UMC": [-0.12856366474930103, 0.2498057681190801], "RAC": [0.16820671430574335, 0.2498057822647972], "IPN": [0.24522859240470182, 0.24980577748333274], "SOURCE": [0.6724590186779287, 0.24980578196740247], "POST": [-0.34603214800531273, 0.24980577750228924], "CAMB": [-0.8536165830526692, 0.2498057767601675]}