{"NTHU": [-0.16008076022378318, 0.24972518130925467], "AMU": [0.024586111652093116, 0.24972514556776276], "NUCLEA": [-0.3547245919081384, 0.2497251678745342], "data_points": [77281.0, 1.0], "CUUI": [-0.2700682583302205, 0.2497251255989682], "CAMB": [-0.5465779247991732, 0.24972519034882995], "IITB": [0.8107188297308023, 0.24972511455251736], "JMGR": [-0.002957792178734686, 0.24972512953369308], "IPN": [0.07487096831013755, 0.24972516886763244], "UMC": [-0.11497700791594302, 0.2497251561652537], "POST": [-0.416642476013241, 0.24972516515466464], "PKU": [0.16802484546127708, 0.24972518692129692], "RAC": [0.12625550429397078, 0.24972516448578785], "UFC": [0.009984463062232832, 0.24972518402825825], "src": [0.007027691970800045, 0.2497251840291453], "SJTU": [0.6445604174216124, 0.24972516993501573]}