{"CUUI": [-0.3811063255148736, 0.24980589470060266], "SJTU": [0.19920601501923507, 0.24980590840234795], "IITB": [0.42159323958930894, 0.24980589785480553], "NTHU": [-0.34241733602013896, 0.24980587474996058], "AMU": [-0.014541041105498692, 0.24980591116293818], "UMC": [-0.18730922603748143, 0.24980590392390356], "IPN": [0.11125971168066982, 0.24980591365064556], "RAC": [0.2444991409690031, 0.24980590680354076], "UFC": [0.4674858778902419, 0.2498059052474829], "data_points": [118938.0, 1.0], "POST": [-0.24582489459657367, 0.2498058756659313], "SOURCE": [0.5092905239104246, 0.2498059032632763], "CAMB": [-0.6572996456571778, 0.2498059089108087], "PKU": [0.27008726105608405, 0.24980590957379492], "NUCLEA": [-0.3949233173989483, 0.2498059112754923]}