{"IPN": [0.11562014305877394, 0.2498068012447364], "IITB": [0.4351858790204636, 0.24980680369632474], "NTHU": [-0.33022303252152374, 0.24980681052555273], "SJTU": [0.20454942553288724, 0.249806807526369], "CUUI": [-0.395214509266426, 0.24980680371476607], "SOURCE": [0.4968198614676332, 0.24980679935010655], "POST": [-0.22525913127539207, 0.24980681733146548], "NUCLEA": [-0.41041341998357256, 0.24980680412755993], "RAC": [0.240096912989852, 0.24980680474189337], "UMC": [-0.17163656875217453, 0.24980681743519753], "AMU": [0.0035870998109402102, 0.24980680797463709], "CAMB": [-0.675616931721704, 0.2498068099123085], "data_points": [119393.0, 1.0], "UFC": [0.45553242453788906, 0.24980681260907311], "PKU": [0.2569718265713847, 0.2498068088767398]}