{"JMGR": [0.024213652492743622, 0.24972524686483663], "PKU": [0.2325408050098395, 0.24972526152640595], "POST": [-0.35508659523672087, 0.24972524514864203], "CAMB": [-0.46931328328169314, 0.24972526068302206], "UMC": [-0.1571233392067694, 0.24972524549792505], "SJTU": [0.49723574498559076, 0.2497252298500764], "CUUI": [-0.22015370215524788, 0.24972523425406198], "AMU": [0.04750466025272542, 0.24972525799975165], "src": [-0.05803665300879217, 0.2497252199347704], "NUCLEA": [-0.17542285822986026, 0.2497252262401164], "data_points": [77281.0, 1.0], "IITB": [0.6986995849067077, 0.24972522418069035], "IPN": [0.01017339973758905, 0.2497252486923089], "NTHU": [-0.1687670761523264, 0.24972523393160465], "RAC": [0.1308721765278354, 0.24972525193799855], "UFC": [-0.03733651386572253, 0.2497252448466336]}