{"SOURCE": [0.6671439319455639, 0.249806517250491], "IPN": [0.25302695775330103, 0.2498065246531626], "NUCLEA": [-0.6223822995682146, 0.24980652621528873], "RAC": [0.16194187765527343, 0.24980650517509576], "AMU": [-0.0857044756174838, 0.24980651499954215], "UMC": [-0.1360888420373939, 0.24980650208036562], "NTHU": [-0.3129959921033614, 0.24980650984608013], "data_points": [119393.0, 1.0], "PKU": [0.11597999600601258, 0.2498065222786853], "SJTU": [0.3413619426508699, 0.2498065173724147], "IITB": [0.5839692858181345, 0.24980652441816353], "UFC": [0.6277686914441074, 0.2498065218888614], "CUUI": [-0.4140156838110565, 0.24980652412660295], "POST": [-0.3503411917309844, 0.24980652591038874], "CAMB": [-0.8296642188924646, 0.24980652488585742]}