{"CAMB": [-0.5811440615490695, 0.2497251291675336], "JMGR": [0.005358452013836386, 0.24972513064819293], "data_points": [77281.0, 1.0], "IITB": [0.8125709402771192, 0.2497251329851813], "CUUI": [-0.2672927417917146, 0.24972514508873392], "PKU": [0.18004356236619215, 0.2497251050128134], "POST": [-0.4068526426843003, 0.24972510021349284], "IPN": [0.060448619897244184, 0.24972512919300918], "NTHU": [-0.13031906531193668, 0.2497251355594621], "AMU": [0.012756217424949303, 0.2497251140980648], "UFC": [0.016637804928523747, 0.2497251457891674], "src": [0.005177678388557231, 0.24972511019488125], "NUCLEA": [-0.3656305600504891, 0.2497251431780381], "RAC": [0.1510269287530576, 0.24972514471517365], "SJTU": [0.6434553350992709, 0.24972512057965543], "UMC": [-0.13623644681721678, 0.24972504390575223]}