{"POST": [-0.3606876243815221, 0.24980572712277802], "PKU": [0.10068207731383268, 0.2498057263244687], "SOURCE": [0.6809891344719656, 0.2498057089171387], "SJTU": [0.3431449014792606, 0.24980572516000388], "NTHU": [-0.320078437260174, 0.24980571081936856], "data_points": [118938.0, 1.0], "IPN": [0.24930771645620442, 0.24980572737884996], "AMU": [-0.08771070735143943, 0.24980571880394703], "CUUI": [-0.4008222315709007, 0.24980572473071413], "UMC": [-0.13985659125957856, 0.24980571128746681], "NUCLEA": [-0.6324496955089183, 0.24980572721493258], "IITB": [0.5936485861703279, 0.24980572781136956], "CAMB": [-0.8115745378197012, 0.24980571907169605], "UFC": [0.6286099445289264, 0.24980571224601328], "RAC": [0.15679744303083207, 0.24980572835352147]}