{"data_points": [118938.0, 1.0], "SOURCE": [0.6949250708850643, 0.24980566586321729], "SJTU": [0.3588839652525502, 0.2498056688893541], "IPN": [0.2675714130439614, 0.24980567291271966], "PKU": [0.07761279840111812, 0.2498056792888343], "CAMB": [-0.8425636522660638, 0.24980566536930554], "UFC": [0.6311330571629847, 0.24980568096829142], "NTHU": [-0.2902852092538553, 0.249805655341649], "NUCLEA": [-0.647709300923017, 0.24980566035513527], "IITB": [0.6128726795585936, 0.24980568176529683], "UMC": [-0.11907090828616872, 0.2498056629514238], "RAC": [0.12194947158989748, 0.24980567069152101], "POST": [-0.3699402307454022, 0.2498056719137188], "CUUI": [-0.39925517304060043, 0.24980567230571185], "AMU": [-0.09612400590877877, 0.24980567343462687]}