{"data_points": [119393.0, 1.0], "RAC": [0.14374909518392784, 0.2498065827788801], "UMC": [-0.1208888119067449, 0.24980658110619353], "AMU": [-0.09240814053195476, 0.24980656895362105], "SJTU": [0.3497378575740488, 0.24980655817405445], "PKU": [0.06439237082520459, 0.24980657333618655], "SOURCE": [0.7022138049501813, 0.24980658202962364], "NUCLEA": [-0.6191553740855724, 0.24980657723701497], "IPN": [0.26128874341175906, 0.24980657855394095], "POST": [-0.3943868314457898, 0.2498065827206908], "NTHU": [-0.2887006423832979, 0.24980657422428842], "IITB": [0.6018050124573169, 0.24980657220778152], "UFC": [0.6506337925904998, 0.24980655119963963], "CUUI": [-0.421553159075188, 0.24980657596927433], "CAMB": [-0.8367277375736012, 0.2498065723902077]}