{"UFC": [0.0055467868551794825, 0.24972494988006266], "PKU": [0.14991250097624575, 0.24972494291345726], "UMC": [-0.1201528580150129, 0.24972492228510756], "CUUI": [-0.263781845461266, 0.24972493435428036], "src": [0.0020361464440633555, 0.24972491272147798], "JMGR": [-0.0014836568807608747, 0.2497248738811828], "POST": [-0.41553745052849594, 0.2497249537303501], "SJTU": [0.6602806351348317, 0.2497249603547329], "RAC": [0.11978262971000976, 0.2497249478994609], "NUCLEA": [-0.35989958276064704, 0.24972494376396984], "CAMB": [-0.544549017659482, 0.24972496319369072], "AMU": [-0.01737655510992443, 0.2497249397730668], "IITB": [0.815162971931649, 0.2497249484777981], "data_points": [77281.0, 1.0], "NTHU": [-0.15582497980567198, 0.24972492926422854], "IPN": [0.12588428888748324, 0.249724948824559]}