{"IPN": [0.06525769584272724, 0.24972502762668874], "CUUI": [-0.2739434131984038, 0.24972503910438582], "UFC": [0.011462616155649587, 0.24972489190095104], "IITB": [0.8354872253225024, 0.24972501094025626], "POST": [-0.4075876566473526, 0.24972502846992278], "PKU": [0.18429600592026307, 0.24972503019860323], "NUCLEA": [-0.3719147434749951, 0.24972503191962434], "NTHU": [-0.15194722750971992, 0.24972495257222507], "data_points": [77281.0, 1.0], "RAC": [0.16969494271433472, 0.24972503114232233], "UMC": [-0.1388292024530634, 0.24972502219555678], "CAMB": [-0.5513873600530022, 0.24972499854164906], "src": [0.002590157883945112, 0.24972496318823317], "JMGR": [-0.01201334837526326, 0.24972498093541934], "SJTU": [0.623308712032997, 0.2497249933702325], "AMU": [0.01552559904987108, 0.24972497734833213]}