{"NUCLEA": [-0.6384181867626192, 0.24980654265578797], "IITB": [0.5876764197311323, 0.24980653812253067], "CAMB": [-0.8204475284898622, 0.24980655399668536], "SJTU": [0.32927331781860913, 0.2498065539319569], "SOURCE": [0.6695357761056497, 0.24980655459471823], "NTHU": [-0.3253221113915399, 0.2498065576312986], "data_points": [119393.0, 1.0], "POST": [-0.32604511918470935, 0.24980654092476623], "UMC": [-0.14327444763356273, 0.2498065496194272], "UFC": [0.6044322753601123, 0.24980655855143682], "CUUI": [-0.3958217373205044, 0.24980654394204221], "PKU": [0.12208435325872337, 0.24980655666535345], "AMU": [-0.07361562271869102, 0.2498065592983895], "IPN": [0.2566170057166431, 0.24980656152927064], "RAC": [0.15332558105506028, 0.24980655177845837]}