{"UMC": [-0.1384132121057829, 0.249805825473131], "IPN": [0.2513534468772531, 0.24980581274121672], "NUCLEA": [-0.5985697863822997, 0.2498058194457939], "AMU": [-0.0853071856142012, 0.24980581906150626], "SOURCE": [0.6606876281529107, 0.24980582443367663], "POST": [-0.3389458147110861, 0.24980582660302916], "data_points": [118938.0, 1.0], "IITB": [0.5834345852743593, 0.24980581087333104], "RAC": [0.1774581555131368, 0.24980580718864387], "PKU": [0.12795381664747582, 0.24980581610681096], "CUUI": [-0.4139162011803107, 0.24980582683767205], "SJTU": [0.32932847330172027, 0.2498058229479672], "NTHU": [-0.32753084819354233, 0.24980580522363646], "CAMB": [-0.8443677008627826, 0.24980581774631289], "UFC": [0.6168346179599632, 0.2498058060283374]}