{"AMU": [0.18140218267955052, 0.24972045584873231], "SJTU": [-0.16516050899636583, 0.24972044812728802], "NUCLEA": [0.11181248749547183, 0.24972046870282702], "SOURCE": [-0.06990143340214687, 0.2497204520171138], "PKU": [0.26645463097541067, 0.2497204672051691], "POST": [-0.013918526436786592, 0.24972046092578332], "IITB": [-0.06773688200021133, 0.24972042941643316], "NTHU": [-0.06386933853329614, 0.24972045049889252], "CUUI": [-0.08985098196905086, 0.24972043031939165], "data_points": [92366.0, 1.0], "UMC": [-0.06727209482434918, 0.24972046580005072], "UFC": [-0.07670663568565382, 0.2497204404994547], "IPN": [-0.10175916206548231, 0.2497204581227461], "CAMB": [0.040209710389811124, 0.24972047205784037], "RAC": [0.1162965518451023, 0.2497204447862629]}