{"UFC": [-0.16100394330629883, 0.2497282629027386], "AMU": [0.0317967605394628, 0.24972827732953354], "IPN": [-0.32365679191927915, 0.24972827269403616], "CAMB": [0.1445563931072595, 0.24972827542490722], "JMGR": [0.37135635249600385, 0.24972828996922347], "UMC": [-0.13253627900989334, 0.24972818678745734], "PKU": [-0.02772423320108686, 0.2497282830430511], "RAC": [-0.07707882858356903, 0.24972828867253133], "src": [-0.20370070540957227, 0.24972827194435304], "POST": [-0.13271705471662323, 0.24972826884739638], "SJTU": [-0.1617409891850643, 0.24972826501821851], "NUCLEA": [0.802940023412082, 0.24972828884397605], "NTHU": [0.008504605102624865, 0.24972826353192182], "IITB": [-0.20850480265352392, 0.24972828974337383], "data_points": [77281.0, 1.0], "CUUI": [0.06950954560484487, 0.2497282438551847]}