{"SJTU": [-0.15482706639051325, 0.24975669792362495], "CAMB": [0.1526714070002748, 0.24975674864442723], "PKU": [-0.01329806027074211, 0.24975672999748644], "IPN": [-0.39472343219104833, 0.2497567359233198], "NUCLEA": [1.29146947649687, 0.24975673806033882], "NTHU": [-0.08831601299452975, 0.24975673502284232], "IITB": [-0.23865756953926395, 0.24975674455342345], "POST": [-0.10795543177156294, 0.24975675025969746], "CUUI": [0.1166339417373151, 0.24975673694034378], "UFC": [-0.1939593184122527, 0.24975674187871313], "AMU": [0.07626157679619675, 0.24975672347201797], "data_points": [92366.0, 1.0], "UMC": [-0.14662439282392348, 0.24975671033854208], "RAC": [-0.07099494981282639, 0.2497567247387968], "SOURCE": [-0.2276801107227246, 0.24975672394568138]}