{"POST": [-0.08157172226152279, 0.2498093018836891], "CAMB": [0.10849675049840435, 0.2498093114804203], "NUCLEA": [1.2350275681599026, 0.24980929876883895], "AMU": [0.06944722426092957, 0.24980930417130107], "PKU": [-0.04384711817890617, 0.2498092947731552], "UMC": [-0.15318198595396848, 0.24980931232144699], "NTHU": [-0.09046417168545247, 0.24980930383792763], "SJTU": [-0.13744322091852856, 0.24980930724365663], "SOURCE": [-0.18826173204382798, 0.24980930683784122], "UFC": [-0.17961547600111255, 0.24980929898735238], "data_points": [118938.0, 1.0], "IPN": [-0.36907434278557427, 0.24980928744957262], "IITB": [-0.192829250665324, 0.24980928677295636], "CUUI": [0.07641697094970507, 0.24980930906605142], "RAC": [-0.05309946367853105, 0.24980929622524042]}