{"SOURCE": [0.6944359014915074, 0.24980646075506208], "POST": [-0.3703277011305685, 0.24980645257152978], "RAC": [0.1455454687255539, 0.24980645303282603], "IPN": [0.2605688928120002, 0.24980640588158695], "CUUI": [-0.3834942817640973, 0.24980644376050498], "UMC": [-0.13465856675043425, 0.24980645127784554], "data_points": [119393.0, 1.0], "NUCLEA": [-0.650509285093523, 0.24980645356558867], "AMU": [-0.09982551290168643, 0.24980644764335547], "UFC": [0.6375887570941173, 0.2498064548100738], "PKU": [0.06774273805328727, 0.24980642738754752], "CAMB": [-0.8234397085238415, 0.24980644919938913], "SJTU": [0.35141185605781, 0.24980643515001827], "IITB": [0.5988089541350344, 0.24980644793788193], "NTHU": [-0.2938475393190855, 0.24980643422234924]}