{"CUUI": [-0.3884471746284458, 0.2498058791613275], "PKU": [0.0762916388900731, 0.24980587017234412], "data_points": [118938.0, 1.0], "SJTU": [0.3329358994680876, 0.24980587622664102], "UMC": [-0.15271062795749785, 0.24980588579062454], "POST": [-0.3761926706540658, 0.24980587556738973], "IITB": [0.6098708677797593, 0.24980588569589154], "SOURCE": [0.6937277095773543, 0.2498058760982741], "NTHU": [-0.26420953934042224, 0.24980587024025974], "IPN": [0.2694942924599734, 0.24980587620274702], "NUCLEA": [-0.6376174020286558, 0.24980588604734955], "CAMB": [-0.8608277698320557, 0.24980587880629151], "AMU": [-0.09180053325426923, 0.24980588481620772], "RAC": [0.12531559726477665, 0.24980587652741731], "UFC": [0.6641696880338289, 0.2498058707277565]}