{"JMGR": [-0.015345526866224342, 0.2497252518757187], "data_points": [77281.0, 1.0], "UFC": [-0.004616320166282321, 0.24972526219956434], "src": [0.023661032545778487, 0.24972524875977298], "RAC": [0.11202052892334985, 0.24972516214684237], "CAMB": [-0.5905724984903442, 0.24972523630996687], "CUUI": [-0.24936664545550816, 0.24972517963341787], "NUCLEA": [-0.36433555122881794, 0.2497252458827326], "PKU": [0.15971258229628893, 0.24972523993362816], "AMU": [0.020703630549868464, 0.24972526805655781], "IITB": [0.8316109177809482, 0.24972527024562508], "SJTU": [0.666750079772808, 0.24972524942069046], "IPN": [0.08799189703492086, 0.24972524970127555], "UMC": [-0.11626761404249789, 0.24972525304777557], "NTHU": [-0.12626101689315725, 0.24972525693067998], "POST": [-0.4356854849967605, 0.2497252375800399]}