{"UFC": [0.03549701883918709, 0.24972517761553986], "NUCLEA": [-0.3676661337927789, 0.24972518378012912], "src": [-0.007023100477277742, 0.24972518801752244], "SJTU": [0.6266379418402137, 0.24972520356833755], "NTHU": [-0.16432893314715977, 0.24972521062566302], "JMGR": [-0.0016713564420475868, 0.24972519318944317], "UMC": [-0.1393777212836638, 0.24972519455190667], "POST": [-0.4138766463121299, 0.24972517888169357], "CAMB": [-0.5693190321626037, 0.2497251751154782], "AMU": [0.0033308787138501056, 0.24972517121677698], "data_points": [77281.0, 1.0], "IPN": [0.1075862106498489, 0.24972515350105032], "RAC": [0.12071065653335852, 0.24972518153290332], "CUUI": [-0.24769877410521807, 0.24972519828394346], "PKU": [0.1724663602733526, 0.24972515407179585], "IITB": [0.8447326324964686, 0.24972515683240942]}