{"IITB": [0.5891126658187225, 0.24980659036419672], "UFC": [0.6341148851569871, 0.24980659918834233], "AMU": [-0.10030478747353232, 0.2498065865515431], "POST": [-0.36626317458112584, 0.24980656771419738], "CAMB": [-0.7978297241063865, 0.2498065429920234], "CUUI": [-0.4105389273336785, 0.24980660000237465], "NTHU": [-0.30329910551395967, 0.2498065907691512], "data_points": [119393.0, 1.0], "NUCLEA": [-0.651944116807296, 0.24980659677237446], "UMC": [-0.14495013981451968, 0.24980658260542277], "PKU": [0.09240026801749472, 0.2498065846584716], "RAC": [0.15176720307670008, 0.24980659457788734], "SOURCE": [0.6977851388148918, 0.2498065964949909], "SJTU": [0.34363347190509597, 0.2498065932904386], "IPN": [0.26631631840645215, 0.24980659816079878]}