{"data_points": [118938.0, 1.0], "SOURCE": [0.6863929460581345, 0.24980569352755164], "POST": [-0.3542060427342175, 0.24980570178230102], "UMC": [-0.13012272275875753, 0.24980570943725067], "PKU": [0.07941538087814211, 0.24980571334790783], "CAMB": [-0.8410035354451468, 0.249805717234942], "NTHU": [-0.2961707377954101, 0.24980571655855113], "IITB": [0.5887270484860082, 0.24980571146614486], "RAC": [0.16484329231870865, 0.24980571156063372], "IPN": [0.2589203560374096, 0.2498057085087391], "CUUI": [-0.39457203610520275, 0.24980571133009025], "SJTU": [0.3265661932918436, 0.24980570891378442], "UFC": [0.6302907637218722, 0.249805712238781], "AMU": [-0.09732447105610494, 0.24980570319651493], "NUCLEA": [-0.6217564596073303, 0.2498057183106708]}