{"CUUI": [-0.2460393161627695, 0.24972486176214428], "CAMB": [-0.5608171707803099, 0.24972485795813923], "data_points": [77281.0, 1.0], "NUCLEA": [-0.37357948091254445, 0.24972486015336118], "src": [0.010910417953385643, 0.24972484369459114], "UMC": [-0.1258828918436601, 0.24972480804361974], "UFC": [0.006844119835351074, 0.24972484020245586], "PKU": [0.1647009248819953, 0.24972485454238072], "JMGR": [0.025135969228497805, 0.24972481523667966], "POST": [-0.4343928813583464, 0.24972484901861708], "IITB": [0.8371550055114833, 0.24972484056897243], "SJTU": [0.621647453575546, 0.2497248347026301], "AMU": [0.013675889996525002, 0.24972481066296814], "IPN": [0.07339234917710104, 0.24972479185531174], "RAC": [0.13993445018642026, 0.24972485607512349], "NTHU": [-0.1526848389785269, 0.24972485239705228]}