{"NUCLEA": [-0.6171140077568297, 0.24980660751960473], "AMU": [-0.08618227357729262, 0.2498066214147212], "SJTU": [0.32700023356132546, 0.24980660576203706], "IITB": [0.6014399726602878, 0.24980661715256275], "CUUI": [-0.40467935764693813, 0.24980662140038473], "UMC": [-0.1409993898357411, 0.24980662053238223], "CAMB": [-0.8389963684651826, 0.24980661396267295], "SOURCE": [0.6834206679210125, 0.24980661463437012], "IPN": [0.23878799817099666, 0.24980661551617706], "data_points": [119393.0, 1.0], "POST": [-0.360275605099328, 0.2498066210375042], "RAC": [0.1575134763657171, 0.24980657051172744], "PKU": [0.09886010210556917, 0.24980661469548604], "NTHU": [-0.2913326244182897, 0.24980661208948884], "UFC": [0.6325571524682368, 0.24980661088135822]}