{"CAMB": [-0.8240645492688293, 0.24980582138135032], "SOURCE": [0.6747426659691498, 0.24980581970402835], "CUUI": [-0.40370012010842743, 0.24980581581761876], "UFC": [0.6281283364347976, 0.24980581580699826], "UMC": [-0.13276854219728906, 0.24980581392828508], "AMU": [-0.07906612455279696, 0.24980579542038425], "RAC": [0.16616217369285557, 0.249805830590433], "data_points": [118938.0, 1.0], "SJTU": [0.3594840991030647, 0.24980582662703582], "IPN": [0.2538795378905296, 0.2498058134482911], "POST": [-0.34002640569808457, 0.2498058054038753], "IITB": [0.5942507833542506, 0.24980582319256042], "NTHU": [-0.3335362127420194, 0.24980582731736034], "NUCLEA": [-0.6437445213191153, 0.24980583021089237], "PKU": [0.08025885692201097, 0.24980582512822308]}