{"POST": [0.45074705350793276, 0.2497520752842687], "RAC": [-0.06419110914586186, 0.2497520583108294], "CUUI": [0.34541232446930376, 0.24975206114549697], "NTHU": [0.21052967040427417, 0.24975206388914645], "AMU": [0.16196036168853556, 0.2497520764621423], "IITB": [-0.6122313848223097, 0.24975205573434744], "IPN": [-0.32499455725643067, 0.24975205758740354], "UMC": [0.11555156398918082, 0.24975206760187185], "SOURCE": [-0.7071943029922837, 0.2497519795886726], "UFC": [-0.6445604301071396, 0.2497520727362665], "CAMB": [0.7396627157044106, 0.24975205927599456], "SJTU": [-0.3590187567217602, 0.2497520437965079], "data_points": [92366.0, 1.0], "NUCLEA": [0.6429989153480912, 0.2497520565687331], "PKU": [0.045327966242143296, 0.24975206569505565]}