{"UFC": [0.6101037000317903, 0.24980572216118271], "IPN": [0.2423446584582357, 0.24980573365755876], "CUUI": [-0.43962332987615743, 0.24980572864991094], "IITB": [0.5740633101719523, 0.2498057303368676], "SOURCE": [0.6590022217036537, 0.24980571388057657], "NUCLEA": [-0.5874002951583015, 0.24980573788251592], "data_points": [118938.0, 1.0], "PKU": [0.11906318675360984, 0.2498057183365956], "NTHU": [-0.3063837824175714, 0.2498057269236676], "RAC": [0.18491048047416833, 0.2498057311236399], "AMU": [-0.07173372042760402, 0.24980572061129278], "SJTU": [0.3254806863693716, 0.24980573135470446], "POST": [-0.3352192649027071, 0.24980572838731094], "CAMB": [-0.8287459874742612, 0.249805736306071], "UMC": [-0.14586188602846636, 0.24980573989388075]}