{"POST": [-0.3410048847584126, 0.24980642992632632], "PKU": [0.14194778315925397, 0.24980644249241746], "CUUI": [-0.41233908537574704, 0.24980644780474465], "UMC": [-0.14698067067172493, 0.24980641436637405], "SOURCE": [0.6605613742244818, 0.24980644710309122], "IPN": [0.2198777428742224, 0.2498064414962468], "AMU": [-0.05889233094904233, 0.24980643888321813], "RAC": [0.17283337700519677, 0.24980642697171757], "NTHU": [-0.3023436172823856, 0.2498064392849424], "IITB": [0.5656560428863382, 0.2498064478243277], "UFC": [0.6034721009062333, 0.24980643925776944], "NUCLEA": [-0.6113696401814227, 0.24980643272097136], "CAMB": [-0.8099134058057315, 0.2498064392190329], "SJTU": [0.3184951880455431, 0.24980642324816302], "data_points": [119393.0, 1.0]}