{"data_points": [77281.0, 1.0], "JMGR": [-0.0007408844707723725, 0.24972538671094385], "RAC": [0.1543512242337153, 0.24972535566993592], "UMC": [-0.140672611157901, 0.24972535694734402], "NUCLEA": [-0.35028692898841096, 0.24972538199002406], "CUUI": [-0.245295463920193, 0.24972538316467857], "src": [0.0011124710589146302, 0.24972538031671473], "PKU": [0.18817877707036476, 0.24972537398550881], "POST": [-0.4229306441329716, 0.2497253892695344], "AMU": [0.004436470761059159, 0.24972537736077363], "IITB": [0.8155265783974692, 0.24972535585644812], "UFC": [0.024771573546260545, 0.2497253606674633], "IPN": [0.03604671808519221, 0.2497253895070995], "SJTU": [0.6188742925264189, 0.24972538398370867], "CAMB": [-0.5306885296672864, 0.24972537928968067], "NTHU": [-0.15268303200835132, 0.24972531110091575]}