{"UFC": [0.5938866162938419, 0.2498058427566945], "NTHU": [-0.32127916156127156, 0.24980583087821231], "AMU": [-0.06825122571330534, 0.2498058555246071], "PKU": [0.1227890015125572, 0.24980584598826006], "CAMB": [-0.8020771649264802, 0.24980584609977138], "CUUI": [-0.4304921849985458, 0.24980584856765034], "SJTU": [0.3119071740810934, 0.24980585448089884], "UMC": [-0.1503076781438548, 0.24980585057187815], "POST": [-0.35035620090307257, 0.24980585379049125], "IITB": [0.5769492344124779, 0.24980585282009163], "IPN": [0.2496695151641076, 0.24980582578242053], "RAC": [0.1954787385299859, 0.24980583194564082], "NUCLEA": [-0.5985685749019348, 0.24980585249831092], "SOURCE": [0.6706518874742725, 0.24980585420545867], "data_points": [118938.0, 1.0]}