{"POST": [-0.32903627386841666, 0.2498064135138427], "IPN": [0.21879708194642122, 0.2498064212110926], "data_points": [119393.0, 1.0], "NTHU": [-0.31156128247145876, 0.24980641980841958], "UFC": [0.6105359918791202, 0.24980639408230063], "CAMB": [-0.7858594502408631, 0.249806423147929], "RAC": [0.17965616532505316, 0.2498064166364623], "NUCLEA": [-0.5948545370401885, 0.24980641462510358], "SJTU": [0.319457221348369, 0.24980640049265204], "AMU": [-0.07876054081475845, 0.24980640634347506], "PKU": [0.11897352955788493, 0.249806420630627], "UMC": [-0.15165201629461963, 0.24980640285571917], "SOURCE": [0.6659466436472418, 0.24980641661073535], "IITB": [0.5672108373728414, 0.24980641374258064], "CUUI": [-0.4288533921426844, 0.2498064183022403]}