{"IPN": [0.05767880364143442, 0.2497249165284866], "src": [-0.023286770427508215, 0.24972492478273933], "CAMB": [-0.5338257127862545, 0.2497249899374589], "PKU": [0.22200132191633196, 0.24972493864247572], "NUCLEA": [-0.36987762668890817, 0.24972498251319367], "NTHU": [-0.1375294648110877, 0.24972498599880727], "UMC": [-0.1364238308472692, 0.24972498215507238], "IITB": [0.779667215922853, 0.24972497022543366], "AMU": [0.01183269586046563, 0.24972497192821352], "SJTU": [0.6070378765192945, 0.2497249783951678], "data_points": [77281.0, 1.0], "JMGR": [0.027353873381874397, 0.24972497653489226], "CUUI": [-0.24418718132686518, 0.24972498308388896], "RAC": [0.13845631353770904, 0.2497249554726042], "UFC": [-0.006837423563697219, 0.2497249646354067], "POST": [-0.3920600785817709, 0.2497249031031078]}