{"CUUI": [-0.3966599965239291, 0.24980669864635913], "RAC": [0.13620823441261973, 0.2498066805298534], "UFC": [0.6324435279096479, 0.2498066782102415], "SJTU": [0.3546466230314582, 0.24980669424471236], "NUCLEA": [-0.6422517114636105, 0.24980669661984023], "AMU": [-0.10700903490733865, 0.24980669156038268], "POST": [-0.37631277074460273, 0.2498066754102736], "IITB": [0.6217902240254074, 0.24980669049150617], "NTHU": [-0.2992325976175344, 0.24980666706286433], "PKU": [0.08114848634814338, 0.24980669552128248], "IPN": [0.2591355195852559, 0.24980668361816613], "UMC": [-0.14686412355440626, 0.24980669645908737], "data_points": [119393.0, 1.0], "CAMB": [-0.8275114757739526, 0.2498066913103659], "SOURCE": [0.7104690748462291, 0.24980670300017355]}