{"UMC": [-0.12543443996494708, 0.2498056650839052], "PKU": [0.05803012718033144, 0.24980568776599427], "AMU": [-0.1193135994002323, 0.24980569089514312], "POST": [-0.36177381090429367, 0.24980568084618596], "data_points": [118938.0, 1.0], "SOURCE": [0.7024933767569946, 0.2498056844254795], "RAC": [0.14670031722136606, 0.24980567466771816], "CAMB": [-0.8243063894477252, 0.2498056968759414], "IPN": [0.2732201379297011, 0.24980569364437166], "SJTU": [0.36416813191397013, 0.2498056915016104], "UFC": [0.6324556344725637, 0.24980569389264412], "NUCLEA": [-0.6544382695656086, 0.24980568812374732], "CUUI": [-0.396492821613577, 0.24980569310255132], "NTHU": [-0.30241554998972686, 0.2498056611651774], "IITB": [0.6071071367307874, 0.24980568306428544]}