{"IITB": [0.8079532421045845, 0.2497252623702272], "NTHU": [-0.1554582717679124, 0.24972527136647107], "IPN": [0.1003745922579779, 0.24972526322001187], "src": [-0.0029534562524951586, 0.24972524255807202], "JMGR": [-0.027730307812103856, 0.24972523443696906], "CAMB": [-0.5750449966665526, 0.24972528673885722], "PKU": [0.1683989309526291, 0.24972528449804085], "UFC": [0.01737778858214583, 0.24972521961646535], "SJTU": [0.6506655266570787, 0.2497252574015795], "data_points": [77281.0, 1.0], "POST": [-0.4024155941852042, 0.24972527958672572], "AMU": [0.008504970949243738, 0.24972529311693495], "UMC": [-0.13605146882494396, 0.24972525976409016], "CUUI": [-0.22182258545026706, 0.24972526216775745], "RAC": [0.12237196972388308, 0.24972525829543654], "NUCLEA": [-0.35417033879104276, 0.24972527219592833]}