{"RAC": [0.1527234522011159, 0.24980644835464993], "UMC": [-0.13549534533681024, 0.24980648766447394], "UFC": [0.6262163476890924, 0.2498064894433092], "POST": [-0.36099177777747155, 0.2498064879151679], "CAMB": [-0.854556198724082, 0.24980649252761594], "AMU": [-0.09910788995168249, 0.2498064763097901], "IPN": [0.2626014905629191, 0.24980647041999776], "IITB": [0.6044339426342951, 0.24980649869266353], "NUCLEA": [-0.6438048510727478, 0.24980648288096405], "SJTU": [0.35320771085365193, 0.2498064755993896], "PKU": [0.07432718511720618, 0.24980649277403733], "data_points": [119393.0, 1.0], "SOURCE": [0.6938360011820965, 0.2498064902187812], "NTHU": [-0.27816572457695793, 0.24980649571871633], "CUUI": [-0.39522436986665227, 0.24980648117175566]}