{"NTHU": [-0.29617162083579857, 0.2498056677693215], "CUUI": [-0.41920177227869665, 0.24980568179828283], "POST": [-0.38111581176867393, 0.24980569076773074], "CAMB": [-0.8436491251910373, 0.24980569058355181], "SJTU": [0.34122458404900524, 0.249805676220472], "UMC": [-0.11931241061987616, 0.24980568969975836], "UFC": [0.6361821168118759, 0.24980568347744847], "SOURCE": [0.6829142364725771, 0.2498056880633343], "data_points": [118938.0, 1.0], "PKU": [0.07677116380026383, 0.2498056891824834], "RAC": [0.16700403521401253, 0.24980568369123293], "IPN": [0.26120435327689623, 0.24980568311306786], "NUCLEA": [-0.6312499274220249, 0.24980568543021936], "IITB": [0.6168369216716255, 0.24980567966701617], "AMU": [-0.09143676176571454, 0.24980567303514967]}