{"AMU": [0.0012915083486638365, 0.24972525308665733], "JMGR": [0.012198267408935943, 0.24972524618677266], "CAMB": [-0.5624731748721364, 0.24972525598904602], "UMC": [-0.11774833134067186, 0.24972524731923454], "IPN": [0.08780942622613927, 0.2497252544565005], "NTHU": [-0.1456629048047447, 0.2497252254130255], "POST": [-0.4308785226472163, 0.249725254762673], "data_points": [77281.0, 1.0], "RAC": [0.1264351791083845, 0.24972525582601987], "SJTU": [0.6334774083084485, 0.2497252680812047], "IITB": [0.8231071447412083, 0.2497252489933252], "NUCLEA": [-0.3473311502061473, 0.2497252257817523], "UFC": [0.022183457308458835, 0.24972521506464007], "CUUI": [-0.2589761192323209, 0.24972519875265906], "src": [-0.005358199506113847, 0.24972526264765224], "PKU": [0.16192602297656558, 0.2497252683382845]}